{
  "code": "entitysensor",
  "class": "EntitySensor",
  "entityclass": "BlockEntityEntitySensor",
  "entityBehaviors": [
    {
      "name": "BEBehaviorSignalConnector",
      "properties": {
        "signalNodes": [
          {
            "index": 0,
            "isSource": false
          },
          {
            "index": 1,
            "isSource": false
          },
          {
            "index": 2,
            "isSource": false
          },
          {
            "index": 3,
            "isSource": true,
            "output": 0
          },
          {
            "index": 4,
            "isSource": false
          },
          {
            "index": 5,
            "isSource": false
          },
          {
            "index": 6,
            "isSource": true,
            "output": 0
          },
          {
            "index": 7,
            "isSource": true,
            "output": 0
          }
        ]
      }
    }
  ],
  "attributes": {
    "signalNodes": [
      {
        "index": 0,
        "name": "con-x",
        "x1": 0.8125,
        "y1": 0.0625,
        "z1": 0.8125,
        "x2": 0.9375,
        "y2": 0.25,
        "z2": 0.9375,
        "rotateXbytype": {
          "*-*-north": 90,
          "*-*-south": 270,
          "@*-up-(east|west)": 90,
          "@*-down-(east|west)": 270,
          "@*-south-(east|west)": 180
        },
        "rotateYbytype": {
          "@*-east-(up|down|north|south)": 270,
          "@*-south-(up|down)": 180,
          "@*-west-(up|down|north|south)": 90,
          "@*-(down-north|up-south)": 180
        },
        "rotateZbyType": {
          "*-*-up": 180,
          "*-*-east": 90,
          "*-*-west": 270
        }
      },
      {
        "index": 1,
        "name": "con-y",
        "x1": 0.625,
        "y1": 0.0625,
        "z1": 0.8125,
        "x2": 0.75,
        "y2": 0.25,
        "z2": 0.9375,
      "rotateXbytype": {
          "*-*-north": 90,
          "*-*-south": 270,
          "@*-up-(east|west)": 90,
          "@*-down-(east|west)": 270,
          "@*-south-(east|west)": 180
        },
        "rotateYbytype": {
          "@*-east-(up|down|north|south)": 270,
          "@*-south-(up|down)": 180,
          "@*-west-(up|down|north|south)": 90,
          "@*-(down-north|up-south)": 180
        },
        "rotateZbyType": {
          "*-*-up": 180,
          "*-*-east": 90,
          "*-*-west": 270
        }
      },
      {
        "index": 2,
        "name": "con-z",
        "x1": 0.4375,
        "y1": 0.0625,
        "z1": 0.8125,
        "x2": 0.5625,
        "y2": 0.25,
        "z2": 0.9375,
        "rotateXbytype": {
          "*-*-north": 90,
          "*-*-south": 270,
          "@*-up-(east|west)": 90,
          "@*-down-(east|west)": 270,
          "@*-south-(east|west)": 180
        },
        "rotateYbytype": {
          "@*-east-(up|down|north|south)": 270,
          "@*-south-(up|down)": 180,
          "@*-west-(up|down|north|south)": 90,
          "@*-(down-north|up-south)": 180
        },
        "rotateZbyType": {
          "*-*-up": 180,
          "*-*-east": 90,
          "*-*-west": 270
        }
      },
      {
        "index": 3,
        "name": "con-error-state",
        "x1": 0.25,
        "y1": 0.0625,
        "z1": 0.8125,
        "x2": 0.375,
        "y2": 0.25,
        "z2": 0.9375,
        "rotateXbytype": {
          "*-*-north": 90,
          "*-*-south": 270,
          "@*-up-(east|west)": 90,
          "@*-down-(east|west)": 270,
          "@*-south-(east|west)": 180
        },
        "rotateYbytype": {
          "@*-east-(up|down|north|south)": 270,
          "@*-south-(up|down)": 180,
          "@*-west-(up|down|north|south)": 90,
          "@*-(down-north|up-south)": 180
        },
        "rotateZbyType": {
          "*-*-up": 180,
          "*-*-east": 90,
          "*-*-west": 270
        }
      },
      {
        "index": 4,
        "name": "con-output1-config",
        "x1": 0.0625,
        "y1": 0.0625,
        "z1": 0.6875,
        "x2": 0.1875,
        "y2": 0.25,
        "z2": 0.8125,
        "rotateXbytype": {
          "*-*-north": 90,
          "*-*-south": 270,
          "@*-up-(east|west)": 90,
          "@*-down-(east|west)": 270,
          "@*-south-(east|west)": 180
        },
        "rotateYbytype": {
          "@*-east-(up|down|north|south)": 270,
          "@*-south-(up|down)": 180,
          "@*-west-(up|down|north|south)": 90,
          "@*-(down-north|up-south)": 180
        },
        "rotateZbyType": {
          "*-*-up": 180,
          "*-*-east": 90,
          "*-*-west": 270
        }
      },
      {
        "index": 5,
        "name": "con-output2-config",
        "x1": 0.0625,
        "y1": 0.0625,
        "z1": 0.5,
        "x2": 0.1875,
        "y2": 0.25,
        "z2": 0.625,
        "rotateXbytype": {
          "*-*-north": 90,
          "*-*-south": 270,
          "@*-up-(east|west)": 90,
          "@*-down-(east|west)": 270,
          "@*-south-(east|west)": 180
        },
        "rotateYbytype": {
          "@*-east-(up|down|north|south)": 270,
          "@*-south-(up|down)": 180,
          "@*-west-(up|down|north|south)": 90,
          "@*-(down-north|up-south)": 180
        },
        "rotateZbyType": {
          "*-*-up": 180,
          "*-*-east": 90,
          "*-*-west": 270
        }
      },
      {
        "index": 6,
        "name": "con-output1",
        "x1": 0.0625,
        "y1": 0.0625,
        "z1": 0.3125,
        "x2": 0.1875,
        "y2": 0.25,
        "z2": 0.4375,
        "rotateXbytype": {
          "*-*-north": 90,
          "*-*-south": 270,
          "@*-up-(east|west)": 90,
          "@*-down-(east|west)": 270,
          "@*-south-(east|west)": 180
        },
        "rotateYbytype": {
          "@*-east-(up|down|north|south)": 270,
          "@*-south-(up|down)": 180,
          "@*-west-(up|down|north|south)": 90,
          "@*-(down-north|up-south)": 180
        },
        "rotateZbyType": {
          "*-*-up": 180,
          "*-*-east": 90,
          "*-*-west": 270
        }
      },
      {
        "index": 7,
        "name": "con-output2",
        "x1": 0.0625,
        "y1": 0.0625,
        "z1": 0.125,
        "x2": 0.1875,
        "y2": 0.25,
        "z2": 0.25,
        "rotateXbytype": {
          "*-*-north": 90,
          "*-*-south": 270,
          "@*-up-(east|west)": 90,
          "@*-down-(east|west)": 270,
          "@*-south-(east|west)": 180
        },
        "rotateYbytype": {
          "@*-east-(up|down|north|south)": 270,
          "@*-south-(up|down)": 180,
          "@*-west-(up|down|north|south)": 90,
          "@*-(down-north|up-south)": 180
        },
        "rotateZbyType": {
          "*-*-up": 180,
          "*-*-east": 90,
          "*-*-west": 270
        }
      }
    ]
  },
  "behaviors": [
    {
      "name": "BlockBehaviorCoverWithDirection"
    },
    {
      "name": "BlockBehaviorTemporalCharge",
      "properties": {
        "baseConsumptionFactor": 1.0,
        "referenceVolume": 100,
        "referenceDays": 100,
        "maxChargeMultiplier": 5,
        "chargeItemCode": "gear-temporal"
      }
    }  
  ],
  "variantgroups": [
    {
      "code": "powered",
      "states": [
        "on",
        "off",
        "active"
      ]
    },
    {
      "code": "orientation",
      "states": [
        "north",
        "east",
        "south",
        "west",
        "up",
        "down"
      ]
    },
    {
      "code": "side",
      "states": [
        "north",
        "east",
        "south",
        "west",
        "up",
        "down"
      ]
    }
  ],
  "creativeinventory": {
    "general": [
      "*-off-north-down"
    ],
    "signalslink": [
      "*-off-north-down"
    ]
  },
  "drops": [
    {
      "type": "block",
      "code": "entitysensor-off-north-down"
    }
  ],
  "blockmaterial": "Stone",
  "drawtype": "Json",
  "skipVariants": [
    "*-north-north",
    "*-south-north",
    "*-north-south",
    "*-south-south",
    "*-east-east",
    "*-east-west",
    "*-west-east",
    "*-west-west"
  ],
  "shape": {
    "base": "block/entitysensor_{powered}",
    "rotateXbytype": {
      "*-*-north": 90,
      "*-*-south": 270,
      "@*-up-(east|west)": 90,
      "@*-down-(east|west)": 270,
      "@*-south-(east|west)": 180
    },
    "rotateYbytype": {
      "@*-east-(up|down|north|south)": 270,
      "@*-south-(up|down)": 180,
      "@*-west-(up|down|north|south)": 90,
      "@*-(down-north|up-south)": 180
    },
    "rotateZbyType": {
      "*-*-up": 180,
      "*-*-east": 90,
      "*-*-west": 270
    }

  },
  "sidesolidByType": {
    "*-down": {
      "all": false,
      "down": true
    },
    "*-up": {
      "all": false,
      "up": true
    },
    "*-north": {
      "all": false,
      "north": true
    },
    "*-east": {
      "all": false,
      "east": true
    },
    "*-west": {
      "all": false,
      "west": true
    },
    "*-south": {
      "all": false,
      "south": true
    }
  },
  "sideopaque": {
    "all": false
  },
  "selectionbox": {
    "x1": 0.0625,
    "y1": 0.0,
    "z1": 0.0625,
    "x2": 0.9375,
    "y2": 0.0625,
    "z2": 0.9375,
    "rotateXbytype": {
      "*-*-north": 90,
      "*-*-south": 270,
      "@*-up-(east|west)": 90,
      "@*-down-(east|west)": 270,
      "@*-south-(east|west)": 180
    },
    "rotateYbytype": {
      "@*-east-(up|down|north|south)": 270,
      "@*-south-(up|down)": 180,
      "@*-west-(up|down|north|south)": 90,
      "@*-(down-north|up-south)": 180
    },
    "rotateZbyType": {
      "*-*-up": 180,
      "*-*-east": 90,
      "*-*-west": 270
    }
  },
  "collisionbox": {
    "x1": 0.0625,
    "y1": 0.0,
    "z1": 0.0625,
    "x2": 0.9375,
    "y2": 0.0625,
    "z2": 0.9375,
    "rotateXbytype": {
      "*-*-north": 90,
      "*-*-south": 270,
      "@*-up-(east|west)": 90,
      "@*-down-(east|west)": 270,
      "@*-south-(east|west)": 180
    },
    "rotateYbytype": {
      "@*-east-(up|down|north|south)": 270,
      "@*-south-(up|down)": 180,
      "@*-west-(up|down|north|south)": 90,
      "@*-(down-north|up-south)": 180
    },
    "rotateZbyType": {
      "*-*-up": 180,
      "*-*-east": 90,
      "*-*-west": 270
    }
  }
}