{
	"code": "managedwallchute",
	"class": "ManagedWallChute",
	"entityclass": "BlockEntityManagedChute",
	"behaviors": [
		{ "name": "Lockable" },
		{ "name": "BlockBehaviorCoverWithDirection" },
		{ "name": "BlockBehaviorPaperConditions" }
	],
	"entityBehaviors": [
    {
      "name": "BEBehaviorSignalConnector",
      "properties": {
        "signalNodes": [
          {
            "index": 0,
            "isSource": false
          },
          {
            "index": 1,
            "isSource": false
          },
          {
            "index": 2,
            "isSource": false
          }
        ]
      }
    }
  ],
	"attributes": {
		"signalNodes": [
      {
        "index": 0,
        "name": "input",
        "x1": 0.0625,
        "y1": 0.78125,
        "z1": 0.4375,
        "x2": 0.1875,
        "y2": 0.96875,
        "z2": 0.5625,
        "rotateXbytype": {
          "*-*-north": 90,
          "*-*-south": 270,
          "@*-up-(east|west)": 90,
          "@*-down-(east|west)": 270,
          "@*-south-(east|west)": 180
        },
        "rotateYbytype": {
          "@*-east-(up|down|north|south)": 270,
          "@*-south-(up|down)": 180,
          "@*-west-(up|down|north|south)": 90,
          "@*-(down-north|up-south)": 180
        },
        "rotateZbyType": {
          "*-*-up": 180,
          "*-*-east": 90,
          "*-*-west": 270
        }
      },
			{
        "index": 1,
        "name": "target-slot",
        "x1": 0.0625,
        "y1": 0.78125,
        "z1": 0.59375,
        "x2": 0.1875,
        "y2": 0.96875,
        "z2": 0.71875,
        "rotateXbytype": {
          "*-*-north": 90,
          "*-*-south": 270,
          "@*-up-(east|west)": 90,
          "@*-down-(east|west)": 270,
          "@*-south-(east|west)": 180
        },
        "rotateYbytype": {
          "@*-east-(up|down|north|south)": 270,
          "@*-south-(up|down)": 180,
          "@*-west-(up|down|north|south)": 90,
          "@*-(down-north|up-south)": 180
        },
        "rotateZbyType": {
          "*-*-up": 180,
          "*-*-east": 90,
          "*-*-west": 270
        }
      },
			{
        "index": 2,
        "name": "source-slot",
        "x1": 0.0625,
        "y1": 0.78125,
        "z1": 0.28125,
        "x2": 0.1875,
        "y2": 0.96875,
        "z2": 0.40625,
        "rotateXbytype": {
          "*-*-north": 90,
          "*-*-south": 270,
          "@*-up-(east|west)": 90,
          "@*-down-(east|west)": 270,
          "@*-south-(east|west)": 180
        },
        "rotateYbytype": {
          "@*-east-(up|down|north|south)": 270,
          "@*-south-(up|down)": 180,
          "@*-west-(up|down|north|south)": 90,
          "@*-(down-north|up-south)": 180
        },
        "rotateZbyType": {
          "*-*-up": 180,
          "*-*-east": 90,
          "*-*-west": 270
        }
      }
		]
	},
  "variantgroups": [
    {
      "code": "type",
      "states": [ "wood", "rock", "cobble" ]
    },
    {
      "code": "material",
      "states": [
        "oak",
        "acacia",
        "birch",
        "kapok",
        "maple",
        "pine",
        "redwood",
        "walnut",
        "aged",
        "andesite",
        "basalt",
        "chalk",
        "chert",
        "conglomerate",
        "granite",
        "limestone",
        "peridotite",
        "phyllite",
        "sandstone",
        "shale",
        "slate"
      ]
    },
    {
      "code": "orientation",
      "states": [ "north", "east", "south", "west", "up", "down" ]
    },
    {
      "code": "side",
      "states": [ "north", "east", "south", "west", "up", "down" ]
    }
  ],
  "skipVariants": [
    "*-wood-andesite-*-*",
    "*-wood-basalt-*-*",
    "*-wood-chalk-*-*",
    "*-wood-chert-*-*",
    "*-wood-conglomerate-*-*",
    "*-wood-granite-*-*",
    "*-wood-limestone-*-*",
    "*-wood-peridotite-*-*",
    "*-wood-phyllite-*-*",
    "*-wood-sandstone-*-*",
    "*-wood-shale-*-*",
    "*-wood-slate-*-*",

    "*-rock-oak-*-*",
    "*-rock-acacia-*-*",
    "*-rock-birch-*-*",
    "*-rock-elm-*-*",
    "*-rock-kapok-*-*",
    "*-rock-maple-*-*",
    "*-rock-pine-*-*",
    "*-rock-redwood-*-*",
    "*-rock-walnut-*-*",
    "*-rock-aged-*-*",
    "*-rock-aged2-*-*",

    "*-cobble-oak-*-*",
    "*-cobble-acacia-*-*",
    "*-cobble-birch-*-*",
    "*-cobble-elm-*-*",
    "*-cobble-kapok-*-*",
    "*-cobble-maple-*-*",
    "*-cobble-pine-*-*",
    "*-cobble-redwood-*-*",
    "*-cobble-walnut-*-*",
    "*-cobble-aged-*-*",
    "*-cobble-aged2-*-*"
  ],
  "creativeinventory": {
    "general": [
      "managedwallchute-wood-oak-north-north"
    ],
    "signalslink": [
      "managedwallchute-*-*-north-north"
    ]
  },
  "drops": [
    {
      "type": "block",
      "code": "managedwallchute-oak-north-down"
    }
  ],
  "shape": {
    "base": "block/managedwallchute",
    "rotateXbytype": {
      "*-*-north": 90,
      "*-*-south": 270,
      "@*-up-(east|west)": 90,
      "@*-down-(east|west)": 270,
      "@*-south-(east|west)": 180
    },
    "rotateYbytype": {
      "@*-east-(up|down|north|south)": 270,
      "@*-south-(up|down)": 180,
      "@*-west-(up|down|north|south)": 90,
      "@*-(down-north|up-south)": 180
    },
    "rotateZbyType": {
      "*-*-up": 180,
      "*-*-east": 90,
      "*-*-west": 270
    }

  },
	"blockmaterial": "Metal",
	"lightAbsorption": 0,
	"drawtype": "json",
	"replaceable": 160,
	"resistance": 1.75,
	"sidesolid": {
		"all": true
	},
	"sideopaque": {
		"all": false
	},
	"sounds": {
		"place": "game:block/chute",
		"break": "game:block/chute",
		"hit": "game:block/chute",
		"walk": "game:walk/stone"
	},
  "collisionSelectionBoxes": [
    {
      "x1": 0.25, "y1": 0.0,  "z1": 0.0,
      "x2": 1.0,  "y2": 1.0,  "z2": 1.0,
      "rotateXbytype": {
        "*-*-north": 90,
        "*-*-south": 270,
        "@*-up-(east|west)": 90,
        "@*-down-(east|west)": 270,
        "@*-south-(east|west)": 180
      },
      "rotateYbytype": {
        "@*-east-(up|down|north|south)": 270,
        "@*-south-(up|down)": 180,
        "@*-west-(up|down|north|south)": 90,
        "@*-(down-north|up-south)": 180
      },
      "rotateZbyType": {
        "*-*-up": 180,
        "*-*-east": 90,
        "*-*-west": 270
      }
    },
    {
      "x1": 0.0,  "y1": 0.0,  "z1": 0.0,
      "x2": 0.25, "y2": 0.75, "z2": 1.0,
      "rotateXbytype": {
        "*-*-north": 90,
        "*-*-south": 270,
        "@*-up-(east|west)": 90,
        "@*-down-(east|west)": 270,
        "@*-south-(east|west)": 180
      },
      "rotateYbytype": {
        "@*-east-(up|down|north|south)": 270,
        "@*-south-(up|down)": 180,
        "@*-west-(up|down|north|south)": 90,
        "@*-(down-north|up-south)": 180
      },
      "rotateZbyType": {
        "*-*-up": 180,
        "*-*-east": 90,
        "*-*-west": 270
      }
    },
    {
      "x1": 0.0,  "y1": 0.75, "z1": 0.0,
      "x2": 0.25, "y2": 1.0,  "z2": 0.25,
      "rotateXbytype": {
        "*-*-north": 90,
        "*-*-south": 270,
        "@*-up-(east|west)": 90,
        "@*-down-(east|west)": 270,
        "@*-south-(east|west)": 180
      },
      "rotateYbytype": {
        "@*-east-(up|down|north|south)": 270,
        "@*-south-(up|down)": 180,
        "@*-west-(up|down|north|south)": 90,
        "@*-(down-north|up-south)": 180
      },
      "rotateZbyType": {
        "*-*-up": 180,
        "*-*-east": 90,
        "*-*-west": 270
      }
    },
    {
      "x1": 0.0,  "y1": 0.75, "z1": 0.75,
      "x2": 0.25, "y2": 1.0,  "z2": 1.0,
      "rotateXbytype": {
        "*-*-north": 90,
        "*-*-south": 270,
        "@*-up-(east|west)": 90,
        "@*-down-(east|west)": 270,
        "@*-south-(east|west)": 180
      },
      "rotateYbytype": {
        "@*-east-(up|down|north|south)": 270,
        "@*-south-(up|down)": 180,
        "@*-west-(up|down|north|south)": 90,
        "@*-(down-north|up-south)": 180
      },
      "rotateZbyType": {
        "*-*-up": 180,
        "*-*-east": 90,
        "*-*-west": 270
      }
    }
  ],
  "texturesByType": {
    "@managedwallchute-wood-(oak|acacia|birch|elm|kapok|ladder|maple|pine|redwood|walnut)-.*": {
      "mat": {
        "base": "game:block/wood/planks/{material}1",
        "alternates": [
          { "base": "game:block/wood/planks/{material}2" },
          { "base": "game:block/wood/planks/{material}3" },
          { "base": "game:block/wood/planks/{material}4" }
        ]
      }
    },
    "managedwallchute-wood-aged-*-*": {
      "mat": {
        "base": "game:block/wood/planks/aged/generic1",
        "alternates": [
          { "base": "game:block/wood/planks/aged/generic2" },
          { "base": "game:block/wood/planks/aged/generic3" },
          { "base": "game:block/wood/planks/aged/generic4" },
          { "base": "game:block/wood/planks/aged/generic5" },
          { "base": "game:block/wood/planks/aged/generic6" },
          { "base": "game:block/wood/planks/aged/generic7" },
          { "base": "game:block/wood/planks/aged/generic8" }
        ]
      }
    },

    "@managedwallchute-rock-(andesite|basalt|chalk|chert|conglomerate|granite|limestone|peridotite|phyllite|sandstone|shale|slate)-.*": {
      "mat": {
        "base": "game:block/stone/rock/{material}1",
        "alternates": [
          { "base": "game:block/stone/rock/{material}2" },
          { "base": "game:block/stone/rock/{material}3" },
          { "base": "game:block/stone/rock/{material}4" }
        ]
      }
    },

    "@managedwallchute-cobble-(andesite|basalt|chalk|chert|conglomerate|granite|limestone|peridotite|phyllite|sandstone|shale|slate)-.*": {
      "mat": {
        "base": "game:block/stone/cobblestone/{material}1",
        "alternates": [
          { "base": "game:block/stone/cobblestone/{material}2" },
          { "base": "game:block/stone/cobblestone/{material}3" },
          { "base": "game:block/stone/cobblestone/{material}4" }
        ]
      }
    }
  }
}