{
	"editor": {
		"collapsedPaths": "Root/stand/holder",
		"allAngles": false,
		"entityTextureMode": false
	},
	"textureWidth": 16,
	"textureHeight": 16,
	"textureSizes": {
		"oak": [16,16],
		"copper": [16,16],
		"brass": [16,16],
		"kapok": [16,16],
		"iron": [16,16],
		"bismuthbronze": [16,16],
		"rustyglow": [16,16],
		"statictranslocator_glass": [16,16],
		"normal3": [16,16]
	},
	"textures": {
		"bismuthbronze": "block/bismuthbronze",
		"copper": "block/copper",
		"iron": "block/iron",
		"normal3": "block/normal3",
		"oak": "block/oak",
		"rustyglow": "block/rustyglow",
		"statictranslocator_glass": "block/statictranslocator_glass"
	},
	"elements": [
		{
			"name": "terminal_0",
			"from": [ 7.0, 2.0, 12.5 ],
			"to": [ 9.0, 4.0, 14.5 ],
			"rotationOrigin": [ 16.0, 1.0, 10.5 ],
			"faces": {
				"north": { "texture": "#normal3", "uv": [ 7.0, 14.0, 9.0, 16.0 ] },
				"east": { "texture": "#normal3", "uv": [ 7.0, 14.0, 9.0, 16.0 ] },
				"south": { "texture": "#normal3", "uv": [ 7.0, 14.0, 9.0, 16.0 ] },
				"west": { "texture": "#normal3", "uv": [ 7.0, 14.0, 9.0, 16.0 ] },
				"up": { "texture": "#normal3", "uv": [ 7.0, 7.0, 9.0, 9.0 ] },
				"down": { "texture": "#normal3", "uv": [ 7.0, 7.0, 9.0, 9.0 ] }
			},
			"children": [
				{
					"name": "term2_0",
					"from": [ 0.5, 2.0, 0.5 ],
					"to": [ 1.5, 3.0, 1.5 ],
					"rotationOrigin": [ 2.0, 2.0, 0.0 ],
					"faces": {
						"north": { "texture": "#normal3", "uv": [ 2.0, 1.0, 3.0, 2.0 ] },
						"east": { "texture": "#normal3", "uv": [ 2.0, 1.0, 3.0, 2.0 ] },
						"south": { "texture": "#normal3", "uv": [ 2.0, 1.0, 3.0, 2.0 ] },
						"west": { "texture": "#normal3", "uv": [ 2.0, 1.0, 3.0, 2.0 ] },
						"up": { "texture": "#normal3", "uv": [ 0.5, 0.5, 1.5, 1.5 ] },
						"down": { "texture": "#normal3", "uv": [ 0.5, 0.5, 1.5, 1.5 ] }
					}
				},
				{
					"name": "term3_0",
					"from": [ 0.0, 2.2, 0.0 ],
					"to": [ 2.0, 2.7, 2.0 ],
					"rotationOrigin": [ 1.0, 1.0, 1.0 ],
					"faces": {
						"north": { "texture": "#normal3", "uv": [ 0.0, 0.0, 2.0, 0.5 ] },
						"east": { "texture": "#normal3", "uv": [ 0.0, 0.0, 2.0, 0.5 ] },
						"south": { "texture": "#normal3", "uv": [ 0.0, 0.0, 2.0, 0.5 ] },
						"west": { "texture": "#normal3", "uv": [ 0.0, 0.0, 2.0, 0.5 ] },
						"up": { "texture": "#normal3", "uv": [ 2.0, 2.0, 4.0, 4.0 ] },
						"down": { "texture": "#normal3", "uv": [ 2.0, 2.0, 4.0, 4.0 ] }
					}
				}
			]
		},
		{
			"name": "contacts",
			"from": [ 0.0, 0.0, 0.0 ],
			"to": [ 0.0, 0.0, 0.0 ],
			"faces": {
				"north": { "texture": "#copper", "uv": [ 0.0, 0.0, 0.5, 0.5 ] },
				"east": { "texture": "#copper", "uv": [ 0.0, 0.0, 0.5, 0.5 ] },
				"south": { "texture": "#copper", "uv": [ 0.0, 0.0, 0.5, 0.5 ] },
				"west": { "texture": "#copper", "uv": [ 0.0, 0.0, 0.5, 0.5 ] },
				"up": { "texture": "#copper", "uv": [ 0.0, 0.0, 0.5, 0.5 ] },
				"down": { "texture": "#copper", "uv": [ 0.0, 0.0, 0.5, 0.5 ] }
			},
			"children": [
				{
					"name": "contactWest",
					"from": [ 2.0, 0.0, 6.5 ],
					"to": [ 3.0, 3.0, 9.5 ],
					"rotationOrigin": [ 2.0, 0.0, 6.5 ],
					"faces": {
						"north": { "texture": "#copper", "uv": [ 0.0, 0.0, 1.0, 3.0 ] },
						"east": { "texture": "#copper", "uv": [ 0.0, 0.0, 3.0, 3.0 ] },
						"south": { "texture": "#copper", "uv": [ 0.0, 0.0, 1.0, 3.0 ] },
						"west": { "texture": "#copper", "uv": [ 0.0, 0.0, 3.0, 3.0 ] },
						"up": { "texture": "#copper", "uv": [ 0.0, 0.0, 1.0, 3.0 ] },
						"down": { "texture": "#copper", "uv": [ 0.0, 0.0, 1.0, 3.0 ] }
					},
					"children": [
						{
							"name": "Cube2",
							"from": [ -2.0, 0.0, 0.0 ],
							"to": [ 0.0, 3.0, 1.0 ],
							"rotationOrigin": [ -2.0, 0.0, 0.0 ],
							"faces": {
								"north": { "texture": "#copper", "uv": [ 0.0, 0.0, 2.0, 3.0 ] },
								"east": { "texture": "#copper", "uv": [ 0.0, 0.0, 1.0, 3.0 ] },
								"south": { "texture": "#copper", "uv": [ 0.0, 0.0, 2.0, 3.0 ] },
								"west": { "texture": "#copper", "uv": [ 0.0, 0.0, 1.0, 3.0 ] },
								"up": { "texture": "#copper", "uv": [ 0.0, 0.0, 2.0, 1.0 ] },
								"down": { "texture": "#copper", "uv": [ 0.0, 0.0, 2.0, 1.0 ] }
							}
						},
						{
							"name": "Cube3",
							"from": [ -2.0, 0.0, 2.0 ],
							"to": [ 0.0, 3.0, 3.0 ],
							"rotationOrigin": [ -2.0, 0.0, 2.0 ],
							"faces": {
								"north": { "texture": "#copper", "uv": [ 0.0, 0.0, 2.0, 3.0 ] },
								"east": { "texture": "#copper", "uv": [ 0.0, 0.0, 1.0, 3.0 ] },
								"south": { "texture": "#copper", "uv": [ 0.0, 0.0, 2.0, 3.0 ] },
								"west": { "texture": "#copper", "uv": [ 0.0, 0.0, 1.0, 3.0 ] },
								"up": { "texture": "#copper", "uv": [ 0.0, 0.0, 2.0, 1.0 ] },
								"down": { "texture": "#copper", "uv": [ 0.0, 0.0, 2.0, 1.0 ] }
							}
						},
						{
							"name": "Cube4",
							"from": [ -2.0, 1.0, 1.0 ],
							"to": [ 0.0, 3.0, 2.0 ],
							"rotationOrigin": [ -2.0, 1.0, 1.0 ],
							"faces": {
								"north": { "texture": "#copper", "uv": [ 0.0, 0.0, 2.0, 2.0 ] },
								"east": { "texture": "#copper", "uv": [ 0.0, 0.0, 1.0, 2.0 ] },
								"south": { "texture": "#copper", "uv": [ 0.0, 0.0, 2.0, 2.0 ] },
								"west": { "texture": "#copper", "uv": [ 0.0, 0.0, 1.0, 2.0 ] },
								"up": { "texture": "#copper", "uv": [ 0.0, 0.0, 2.0, 1.0 ] },
								"down": { "texture": "#copper", "uv": [ 0.0, 0.0, 2.0, 1.0 ] }
							}
						},
						{
							"name": "screw",
							"from": [ -1.0, 3.0, 1.0 ],
							"to": [ 0.0, 4.6, 2.0 ],
							"rotationOrigin": [ -0.5, 2.0, 1.5 ],
							"rotationY": -22.5,
							"faces": {
								"north": { "texture": "#copper", "uv": [ 0.0, 0.0, 1.0, 1.5 ] },
								"east": { "texture": "#copper", "uv": [ 0.0, 0.0, 1.0, 1.5 ] },
								"south": { "texture": "#copper", "uv": [ 0.0, 0.0, 1.0, 1.5 ] },
								"west": { "texture": "#copper", "uv": [ 0.0, 0.0, 1.0, 1.5 ] },
								"up": { "texture": "#copper", "uv": [ 0.0, 0.0, 1.0, 1.0 ] },
								"down": { "texture": "#copper", "uv": [ 0.0, 0.0, 1.0, 1.0 ] }
							},
							"children": [
								{
									"name": "Cube5",
									"from": [ -0.8, 0.6, -0.8 ],
									"to": [ 1.8, 1.6, 1.8 ],
									"rotationOrigin": [ -0.8, 0.6, -0.8 ],
									"faces": {
										"north": { "texture": "#copper", "uv": [ 0.0, 0.0, 2.5, 1.0 ] },
										"east": { "texture": "#copper", "uv": [ 0.0, 0.0, 2.5, 1.0 ] },
										"south": { "texture": "#copper", "uv": [ 0.0, 0.0, 2.5, 1.0 ] },
										"west": { "texture": "#copper", "uv": [ 0.0, 0.0, 2.5, 1.0 ] },
										"up": { "texture": "#copper", "uv": [ 0.0, 0.0, 2.5, 2.5 ] },
										"down": { "texture": "#copper", "uv": [ 0.0, 0.0, 2.5, 2.5 ] }
									}
								}
							]
						},
						{
							"name": "Cube16",
							"from": [ -2.0, 0.0, 1.0 ],
							"to": [ 0.0, 0.1, 2.0 ],
							"rotationOrigin": [ -2.0, 0.0, 1.0 ],
							"faces": {
								"north": { "texture": "#copper", "uv": [ 0.0, 0.0, 2.0, 0.5 ] },
								"east": { "texture": "#copper", "uv": [ 0.0, 0.0, 1.0, 0.5 ] },
								"south": { "texture": "#copper", "uv": [ 0.0, 0.0, 2.0, 0.5 ] },
								"west": { "texture": "#copper", "uv": [ 0.0, 0.0, 1.0, 0.5 ] },
								"up": { "texture": "#copper", "uv": [ 0.0, 0.0, 2.0, 1.0 ] },
								"down": { "texture": "#copper", "uv": [ 0.0, 0.0, 2.0, 1.0 ] }
							}
						}
					]
				},
				{
					"name": "contactWest2",
					"from": [ 6.5, 0.0, 2.0 ],
					"to": [ 9.5, 3.0, 3.0 ],
					"rotationOrigin": [ 9.5, 0.0, 2.0 ],
					"faces": {
						"north": { "texture": "#copper", "uv": [ 0.0, 0.0, 3.0, 3.0 ] },
						"east": { "texture": "#copper", "uv": [ 0.0, 0.0, 1.0, 3.0 ] },
						"south": { "texture": "#copper", "uv": [ 0.0, 0.0, 3.0, 3.0 ] },
						"west": { "texture": "#copper", "uv": [ 0.0, 0.0, 1.0, 3.0 ] },
						"up": { "texture": "#copper", "uv": [ 0.0, 0.0, 3.0, 1.0 ] },
						"down": { "texture": "#copper", "uv": [ 0.0, 0.0, 3.0, 1.0 ] }
					},
					"children": [
						{
							"name": "Cube6",
							"from": [ 2.0, 0.0, -2.0 ],
							"to": [ 3.0, 3.0, 0.0 ],
							"rotationOrigin": [ 3.0, 0.0, -2.0 ],
							"faces": {
								"north": { "texture": "#copper", "uv": [ 0.0, 0.0, 1.0, 3.0 ] },
								"east": { "texture": "#copper", "uv": [ 0.0, 0.0, 2.0, 3.0 ] },
								"south": { "texture": "#copper", "uv": [ 0.0, 0.0, 1.0, 3.0 ] },
								"west": { "texture": "#copper", "uv": [ 0.0, 0.0, 2.0, 3.0 ] },
								"up": { "texture": "#copper", "uv": [ 0.0, 0.0, 1.0, 2.0 ] },
								"down": { "texture": "#copper", "uv": [ 0.0, 0.0, 1.0, 2.0 ] }
							}
						},
						{
							"name": "Cube7",
							"from": [ 0.0, 0.0, -2.0 ],
							"to": [ 1.0, 3.0, 0.0 ],
							"rotationOrigin": [ 1.0, 0.0, -2.0 ],
							"faces": {
								"north": { "texture": "#copper", "uv": [ 0.0, 0.0, 1.0, 3.0 ] },
								"east": { "texture": "#copper", "uv": [ 0.0, 0.0, 2.0, 3.0 ] },
								"south": { "texture": "#copper", "uv": [ 0.0, 0.0, 1.0, 3.0 ] },
								"west": { "texture": "#copper", "uv": [ 0.0, 0.0, 2.0, 3.0 ] },
								"up": { "texture": "#copper", "uv": [ 0.0, 0.0, 1.0, 2.0 ] },
								"down": { "texture": "#copper", "uv": [ 0.0, 0.0, 1.0, 2.0 ] }
							}
						},
						{
							"name": "Cube8",
							"from": [ 1.0, 1.0, -2.0 ],
							"to": [ 2.0, 3.0, 0.0 ],
							"rotationOrigin": [ 2.0, 1.0, -2.0 ],
							"faces": {
								"north": { "texture": "#copper", "uv": [ 0.0, 0.0, 1.0, 2.0 ] },
								"east": { "texture": "#copper", "uv": [ 0.0, 0.0, 2.0, 2.0 ] },
								"south": { "texture": "#copper", "uv": [ 0.0, 0.0, 1.0, 2.0 ] },
								"west": { "texture": "#copper", "uv": [ 0.0, 0.0, 2.0, 2.0 ] },
								"up": { "texture": "#copper", "uv": [ 0.0, 0.0, 1.0, 2.0 ] },
								"down": { "texture": "#copper", "uv": [ 0.0, 0.0, 1.0, 2.0 ] }
							}
						},
						{
							"name": "screw2",
							"from": [ 1.0, 3.0, -1.0 ],
							"to": [ 2.0, 4.6, 0.0 ],
							"rotationOrigin": [ 1.5, 2.0, -0.5 ],
							"rotationY": 22.5,
							"faces": {
								"north": { "texture": "#copper", "uv": [ 0.0, 0.0, 1.0, 1.5 ] },
								"east": { "texture": "#copper", "uv": [ 0.0, 0.0, 1.0, 1.5 ] },
								"south": { "texture": "#copper", "uv": [ 0.0, 0.0, 1.0, 1.5 ] },
								"west": { "texture": "#copper", "uv": [ 0.0, 0.0, 1.0, 1.5 ] },
								"up": { "texture": "#copper", "uv": [ 0.0, 0.0, 1.0, 1.0 ] },
								"down": { "texture": "#copper", "uv": [ 0.0, 0.0, 1.0, 1.0 ] }
							},
							"children": [
								{
									"name": "Cube9",
									"from": [ -0.8, 0.6, -0.8 ],
									"to": [ 1.8, 1.6, 1.8 ],
									"rotationOrigin": [ 1.8, 0.6, -0.8 ],
									"faces": {
										"north": { "texture": "#copper", "uv": [ 0.0, 0.0, 2.5, 1.0 ] },
										"east": { "texture": "#copper", "uv": [ 0.0, 0.0, 2.5, 1.0 ] },
										"south": { "texture": "#copper", "uv": [ 0.0, 0.0, 2.5, 1.0 ] },
										"west": { "texture": "#copper", "uv": [ 0.0, 0.0, 2.5, 1.0 ] },
										"up": { "texture": "#copper", "uv": [ 0.0, 0.0, 2.5, 2.5 ] },
										"down": { "texture": "#copper", "uv": [ 0.0, 0.0, 2.5, 2.5 ] }
									}
								}
							]
						},
						{
							"name": "Cube14",
							"from": [ 1.0, 0.0, -2.0 ],
							"to": [ 2.0, 0.1, 0.0 ],
							"rotationOrigin": [ 2.0, 0.0, -2.0 ],
							"faces": {
								"north": { "texture": "#copper", "uv": [ 0.0, 0.0, 1.0, 0.5 ] },
								"east": { "texture": "#copper", "uv": [ 0.0, 0.0, 2.0, 0.5 ] },
								"south": { "texture": "#copper", "uv": [ 0.0, 0.0, 1.0, 0.5 ] },
								"west": { "texture": "#copper", "uv": [ 0.0, 0.0, 2.0, 0.5 ] },
								"up": { "texture": "#copper", "uv": [ 0.0, 0.0, 1.0, 2.0 ] },
								"down": { "texture": "#copper", "uv": [ 0.0, 0.0, 1.0, 2.0 ] }
							}
						}
					]
				},
				{
					"name": "contactWest3",
					"from": [ 13.0, 0.0, 6.5 ],
					"to": [ 14.0, 3.0, 9.5 ],
					"rotationOrigin": [ 14.0, 0.0, 9.5 ],
					"faces": {
						"north": { "texture": "#copper", "uv": [ 0.0, 0.0, 1.0, 3.0 ] },
						"east": { "texture": "#copper", "uv": [ 0.0, 0.0, 3.0, 3.0 ] },
						"south": { "texture": "#copper", "uv": [ 0.0, 0.0, 1.0, 3.0 ] },
						"west": { "texture": "#copper", "uv": [ 0.0, 0.0, 3.0, 3.0 ] },
						"up": { "texture": "#copper", "uv": [ 0.0, 0.0, 1.0, 3.0 ] },
						"down": { "texture": "#copper", "uv": [ 0.0, 0.0, 1.0, 3.0 ] }
					},
					"children": [
						{
							"name": "Cube10",
							"from": [ 1.0, 0.0, 2.0 ],
							"to": [ 3.0, 3.0, 3.0 ],
							"rotationOrigin": [ 3.0, 0.0, 3.0 ],
							"faces": {
								"north": { "texture": "#copper", "uv": [ 0.0, 0.0, 2.0, 3.0 ] },
								"east": { "texture": "#copper", "uv": [ 0.0, 0.0, 1.0, 3.0 ] },
								"south": { "texture": "#copper", "uv": [ 0.0, 0.0, 2.0, 3.0 ] },
								"west": { "texture": "#copper", "uv": [ 0.0, 0.0, 1.0, 3.0 ] },
								"up": { "texture": "#copper", "uv": [ 0.0, 0.0, 2.0, 1.0 ] },
								"down": { "texture": "#copper", "uv": [ 0.0, 0.0, 2.0, 1.0 ] }
							}
						},
						{
							"name": "Cube11",
							"from": [ 1.0, 0.0, 0.0 ],
							"to": [ 3.0, 3.0, 1.0 ],
							"rotationOrigin": [ 3.0, 0.0, 1.0 ],
							"faces": {
								"north": { "texture": "#copper", "uv": [ 0.0, 0.0, 2.0, 3.0 ] },
								"east": { "texture": "#copper", "uv": [ 0.0, 0.0, 1.0, 3.0 ] },
								"south": { "texture": "#copper", "uv": [ 0.0, 0.0, 2.0, 3.0 ] },
								"west": { "texture": "#copper", "uv": [ 0.0, 0.0, 1.0, 3.0 ] },
								"up": { "texture": "#copper", "uv": [ 0.0, 0.0, 2.0, 1.0 ] },
								"down": { "texture": "#copper", "uv": [ 0.0, 0.0, 2.0, 1.0 ] }
							}
						},
						{
							"name": "Cube12",
							"from": [ 1.0, 1.0, 1.0 ],
							"to": [ 3.0, 3.0, 2.0 ],
							"rotationOrigin": [ 3.0, 1.0, 2.0 ],
							"faces": {
								"north": { "texture": "#copper", "uv": [ 0.0, 0.0, 2.0, 2.0 ] },
								"east": { "texture": "#copper", "uv": [ 0.0, 0.0, 1.0, 2.0 ] },
								"south": { "texture": "#copper", "uv": [ 0.0, 0.0, 2.0, 2.0 ] },
								"west": { "texture": "#copper", "uv": [ 0.0, 0.0, 1.0, 2.0 ] },
								"up": { "texture": "#copper", "uv": [ 0.0, 0.0, 2.0, 1.0 ] },
								"down": { "texture": "#copper", "uv": [ 0.0, 0.0, 2.0, 1.0 ] }
							}
						},
						{
							"name": "screw3",
							"from": [ 1.0, 3.0, 1.0 ],
							"to": [ 2.0, 4.6, 2.0 ],
							"rotationOrigin": [ 1.5, 2.0, 1.5 ],
							"rotationY": 45.0,
							"faces": {
								"north": { "texture": "#copper", "uv": [ 0.0, 0.0, 1.0, 1.5 ] },
								"east": { "texture": "#copper", "uv": [ 0.0, 0.0, 1.0, 1.5 ] },
								"south": { "texture": "#copper", "uv": [ 0.0, 0.0, 1.0, 1.5 ] },
								"west": { "texture": "#copper", "uv": [ 0.0, 0.0, 1.0, 1.5 ] },
								"up": { "texture": "#copper", "uv": [ 0.0, 0.0, 1.0, 1.0 ] },
								"down": { "texture": "#copper", "uv": [ 0.0, 0.0, 1.0, 1.0 ] }
							},
							"children": [
								{
									"name": "Cube13",
									"from": [ -0.8, 0.6, -0.8 ],
									"to": [ 1.8, 1.6, 1.8 ],
									"rotationOrigin": [ 1.8, 0.6, 1.8 ],
									"faces": {
										"north": { "texture": "#copper", "uv": [ 0.0, 0.0, 2.5, 1.0 ] },
										"east": { "texture": "#copper", "uv": [ 0.0, 0.0, 2.5, 1.0 ] },
										"south": { "texture": "#copper", "uv": [ 0.0, 0.0, 2.5, 1.0 ] },
										"west": { "texture": "#copper", "uv": [ 0.0, 0.0, 2.5, 1.0 ] },
										"up": { "texture": "#copper", "uv": [ 0.0, 0.0, 2.5, 2.5 ] },
										"down": { "texture": "#copper", "uv": [ 0.0, 0.0, 2.5, 2.5 ] }
									}
								}
							]
						},
						{
							"name": "Cube15",
							"from": [ 1.0, 0.0, 1.0 ],
							"to": [ 3.0, 0.1, 2.0 ],
							"rotationOrigin": [ 3.0, 0.0, 2.0 ],
							"faces": {
								"north": { "texture": "#copper", "uv": [ 0.0, 0.0, 2.0, 0.5 ] },
								"east": { "texture": "#copper", "uv": [ 0.0, 0.0, 1.0, 0.5 ] },
								"south": { "texture": "#copper", "uv": [ 0.0, 0.0, 2.0, 0.5 ] },
								"west": { "texture": "#copper", "uv": [ 0.0, 0.0, 1.0, 0.5 ] },
								"up": { "texture": "#copper", "uv": [ 0.0, 0.0, 2.0, 1.0 ] },
								"down": { "texture": "#copper", "uv": [ 0.0, 0.0, 2.0, 1.0 ] }
							}
						}
					]
				},
				{
					"name": "plate",
					"from": [ 3.0, 1.0, 7.2 ],
					"to": [ 6.5, 2.0, 8.8 ],
					"rotationOrigin": [ 3.0, 1.0, 7.2 ],
					"faces": {
						"north": { "texture": "#copper", "uv": [ 0.0, 0.0, 3.5, 1.0 ] },
						"east": { "texture": "#copper", "uv": [ 0.0, 0.0, 1.5, 1.0 ] },
						"south": { "texture": "#copper", "uv": [ 0.0, 0.0, 3.5, 1.0 ] },
						"west": { "texture": "#copper", "uv": [ 0.0, 0.0, 1.5, 1.0 ] },
						"up": { "texture": "#copper", "uv": [ 0.0, 0.0, 3.5, 1.5 ] },
						"down": { "texture": "#copper", "uv": [ 0.0, 0.0, 3.5, 1.5 ] }
					}
				},
				{
					"name": "plate2",
					"from": [ 7.2, 1.0, 3.0 ],
					"to": [ 8.8, 2.0, 6.5 ],
					"rotationOrigin": [ 7.2, 1.0, 7.0 ],
					"faces": {
						"north": { "texture": "#copper", "uv": [ 0.0, 0.0, 1.5, 1.0 ] },
						"east": { "texture": "#copper", "uv": [ 0.0, 0.0, 3.5, 1.0 ] },
						"south": { "texture": "#copper", "uv": [ 0.0, 0.0, 1.5, 1.0 ] },
						"west": { "texture": "#copper", "uv": [ 0.0, 0.0, 3.5, 1.0 ] },
						"up": { "texture": "#copper", "uv": [ 0.0, 0.0, 1.5, 3.5 ] },
						"down": { "texture": "#copper", "uv": [ 0.0, 0.0, 1.5, 3.5 ] }
					}
				},
				{
					"name": "plate3",
					"from": [ 9.5, 1.0, 7.2 ],
					"to": [ 13.0, 2.0, 8.8 ],
					"rotationOrigin": [ 13.5, 1.0, 8.8 ],
					"faces": {
						"north": { "texture": "#copper", "uv": [ 0.0, 0.0, 3.5, 1.0 ] },
						"east": { "texture": "#copper", "uv": [ 0.0, 0.0, 1.5, 1.0 ] },
						"south": { "texture": "#copper", "uv": [ 0.0, 0.0, 3.5, 1.0 ] },
						"west": { "texture": "#copper", "uv": [ 0.0, 0.0, 1.5, 1.0 ] },
						"up": { "texture": "#copper", "uv": [ 0.0, 0.0, 3.5, 1.5 ] },
						"down": { "texture": "#copper", "uv": [ 0.0, 0.0, 3.5, 1.5 ] }
					}
				}
			]
		},
		{
			"name": "base",
			"from": [ 2.1, 0.0, 2.1 ],
			"to": [ 13.9, 1.0, 14.9 ],
			"rotationOrigin": [ 2.1, 0.0, 2.1 ],
			"faces": {
				"north": { "texture": "#oak", "uv": [ 0.0, 0.0, 11.5, 1.0 ] },
				"east": { "texture": "#oak", "uv": [ 0.0, 0.0, 12.5, 1.0 ] },
				"south": { "texture": "#oak", "uv": [ 0.0, 0.0, 11.5, 1.0 ] },
				"west": { "texture": "#oak", "uv": [ 0.0, 0.0, 12.5, 1.0 ] },
				"up": { "texture": "#oak", "uv": [ 0.0, 0.0, 11.5, 12.5 ] },
				"down": { "texture": "#oak", "uv": [ 0.0, 0.0, 11.5, 12.5 ] }
			}
		},
		{
			"name": "slider",
			"from": [ 5.5, 4.0, 5.5 ],
			"to": [ 10.5, 5.0, 10.5 ],
			"rotationOrigin": [ 5.5, 4.0, 5.5 ],
			"faces": {
				"north": { "texture": "#copper", "uv": [ 0.0, 0.0, 5.0, 1.0 ] },
				"east": { "texture": "#copper", "uv": [ 0.0, 0.0, 5.0, 1.0 ] },
				"south": { "texture": "#copper", "uv": [ 0.0, 0.0, 5.0, 1.0 ] },
				"west": { "texture": "#copper", "uv": [ 0.0, 0.0, 5.0, 1.0 ] },
				"up": { "texture": "#copper", "uv": [ 0.0, 0.0, 5.0, 5.0 ] },
				"down": { "texture": "#copper", "uv": [ 0.0, 0.0, 5.0, 5.0 ] }
			},
			"children": [
				{
					"name": "Cube17",
					"from": [ 1.5, -0.5, 1.5 ],
					"to": [ 3.5, 10.0, 3.5 ],
					"rotationOrigin": [ 1.5, -0.5, 1.5 ],
					"faces": {
						"north": { "texture": "#iron", "uv": [ 5.5, 3.0, 7.5, 13.5 ] },
						"east": { "texture": "#iron", "uv": [ 5.5, 3.0, 7.5, 13.5 ] },
						"south": { "texture": "#iron", "uv": [ 5.0, 2.5, 7.0, 13.0 ] },
						"west": { "texture": "#iron", "uv": [ 5.0, 3.0, 7.0, 13.5 ] },
						"up": { "texture": "#iron", "uv": [ 4.5, 5.0, 6.5, 7.0 ] },
						"down": { "texture": "#iron", "uv": [ 2.5, 3.5, 4.5, 5.5 ] }
					}
				},
				{
					"name": "Cube31",
					"from": [ 1.49, 4.5, 1.49 ],
					"to": [ 3.51, 6.0, 3.51 ],
					"rotationOrigin": [ 1.5, 4.5, 1.5 ],
					"faces": {
						"north": { "texture": "#rustyglow", "uv": [ 0.0, 0.0, 2.0, 1.5 ], "glow": 100 },
						"east": { "texture": "#rustyglow", "uv": [ 0.0, 0.0, 2.0, 1.5 ], "glow": 100, "windMode": [-1,-1,-1,-1] },
						"south": { "texture": "#rustyglow", "uv": [ 0.0, 0.0, 2.0, 1.5 ], "glow": 100, "windMode": [-1,-1,-1,-1] },
						"west": { "texture": "#rustyglow", "uv": [ 0.0, 0.0, 2.0, 1.5 ], "glow": 100, "windMode": [-1,-1,-1,-1] },
						"up": { "texture": "#rustyglow", "uv": [ 0.0, 0.0, 2.0, 2.0 ] },
						"down": { "texture": "#rustyglow", "uv": [ 0.0, 0.0, 2.0, 2.0 ] }
					}
				},
				{
					"name": "Cube37",
					"from": [ 1.0, 1.0, 1.0 ],
					"to": [ 4.0, 1.5, 4.0 ],
					"rotationOrigin": [ 1.0, 1.0, 1.0 ],
					"faces": {
						"north": { "texture": "#iron", "uv": [ 5.5, 3.0, 8.5, 3.5 ] },
						"east": { "texture": "#iron", "uv": [ 5.5, 3.0, 8.5, 3.5 ] },
						"south": { "texture": "#iron", "uv": [ 5.0, 2.5, 8.0, 3.0 ] },
						"west": { "texture": "#iron", "uv": [ 5.0, 3.0, 8.0, 3.5 ] },
						"up": { "texture": "#iron", "uv": [ 4.5, 5.0, 7.5, 8.0 ] },
						"down": { "texture": "#iron", "uv": [ 2.5, 3.5, 5.5, 6.5 ] }
					}
				}
			]
		},
		{
			"name": "stand",
			"from": [ 3.0, 1.0, 11.0 ],
			"to": [ 13.0, 2.0, 14.0 ],
			"rotationOrigin": [ 3.0, 1.0, 11.0 ],
			"faces": {
				"north": { "texture": "#iron", "uv": [ 3.5, 8.5, 13.5, 9.5 ] },
				"east": { "texture": "#iron", "uv": [ 5.5, 4.5, 8.5, 5.5 ] },
				"south": { "texture": "#iron", "uv": [ 3.5, 6.0, 13.5, 7.0 ] },
				"west": { "texture": "#iron", "uv": [ 3.5, 3.5, 6.5, 4.5 ] },
				"up": { "texture": "#iron", "uv": [ 3.5, 6.5, 13.5, 9.5 ] },
				"down": { "texture": "#iron", "uv": [ 3.0, 5.5, 13.0, 8.5 ] }
			},
			"children": [
				{
					"name": "Cube18",
					"from": [ 3.5, 1.0, 0.0 ],
					"to": [ 6.5, 10.0, 1.0 ],
					"rotationOrigin": [ 3.5, 1.0, 0.0 ],
					"faces": {
						"north": { "texture": "#iron", "uv": [ 5.5, 4.0, 8.5, 13.0 ] },
						"east": { "texture": "#iron", "uv": [ 6.5, 3.5, 7.5, 12.5 ] },
						"south": { "texture": "#iron", "uv": [ 5.0, 3.5, 8.0, 12.5 ] },
						"west": { "texture": "#iron", "uv": [ 4.5, 3.0, 5.5, 12.0 ] },
						"up": { "texture": "#iron", "uv": [ 3.0, 6.0, 6.0, 7.0 ] },
						"down": { "texture": "#iron", "uv": [ 7.0, 7.5, 10.0, 8.5 ] }
					}
				},
				{
					"name": "holder",
					"from": [ 0.0, 0.0, 0.0 ],
					"to": [ 0.0, 0.0, 0.0 ],
					"faces": {
						"north": { "texture": "#bismuthbronze", "uv": [ 0.0, 0.0, 0.5, 0.5 ] },
						"east": { "texture": "#bismuthbronze", "uv": [ 0.0, 0.0, 0.5, 0.5 ] },
						"south": { "texture": "#bismuthbronze", "uv": [ 0.0, 0.0, 0.5, 0.5 ] },
						"west": { "texture": "#bismuthbronze", "uv": [ 0.0, 0.0, 0.5, 0.5 ] },
						"up": { "texture": "#bismuthbronze", "uv": [ 0.0, 0.0, 0.5, 0.5 ] },
						"down": { "texture": "#bismuthbronze", "uv": [ 0.0, 0.0, 0.5, 0.5 ] }
					},
					"children": [
						{
							"name": "Cube20",
							"from": [ 4.2, 4.8, -1.5 ],
							"to": [ 5.6, 9.8, 0.0 ],
							"rotationOrigin": [ 4.2, 4.8, -1.5 ],
							"faces": {
								"north": { "texture": "#bismuthbronze", "uv": [ 0.0, 0.0, 1.0, 5.0 ] },
								"east": { "texture": "#bismuthbronze", "uv": [ 0.0, 0.0, 1.5, 5.0 ] },
								"south": { "texture": "#bismuthbronze", "uv": [ 0.0, 0.0, 1.0, 5.0 ] },
								"west": { "texture": "#bismuthbronze", "uv": [ 0.0, 0.0, 1.5, 5.0 ] },
								"up": { "texture": "#bismuthbronze", "uv": [ 0.0, 0.0, 1.0, 1.5 ] },
								"down": { "texture": "#bismuthbronze", "uv": [ 0.0, 0.0, 1.0, 1.5 ] }
							}
						},
						{
							"name": "Cube21",
							"from": [ 3.5, 9.5, -4.5 ],
							"to": [ 6.5, 10.0, 0.0 ],
							"rotationOrigin": [ 3.5, 9.5, -4.5 ],
							"faces": {
								"north": { "texture": "#bismuthbronze", "uv": [ 0.0, 0.0, 3.0, 0.5 ] },
								"east": { "texture": "#bismuthbronze", "uv": [ 0.0, 0.0, 4.5, 0.5 ] },
								"south": { "texture": "#bismuthbronze", "uv": [ 0.0, 0.0, 3.0, 0.5 ] },
								"west": { "texture": "#bismuthbronze", "uv": [ 0.0, 0.0, 4.5, 0.5 ] },
								"up": { "texture": "#bismuthbronze", "uv": [ 0.0, 0.0, 3.0, 4.5 ] },
								"down": { "texture": "#bismuthbronze", "uv": [ 0.0, 0.0, 3.0, 4.5 ] }
							}
						},
						{
							"name": "Cube19",
							"from": [ 3.5, 4.5, -4.5 ],
							"to": [ 6.5, 5.0, 0.0 ],
							"rotationOrigin": [ 3.5, 4.5, -4.5 ],
							"faces": {
								"north": { "texture": "#bismuthbronze", "uv": [ 0.0, 0.0, 3.0, 0.5 ] },
								"east": { "texture": "#bismuthbronze", "uv": [ 0.0, 0.0, 4.5, 0.5 ] },
								"south": { "texture": "#bismuthbronze", "uv": [ 0.0, 0.0, 3.0, 0.5 ] },
								"west": { "texture": "#bismuthbronze", "uv": [ 0.0, 0.0, 4.5, 0.5 ] },
								"up": { "texture": "#bismuthbronze", "uv": [ 0.0, 0.0, 3.0, 4.5 ] },
								"down": { "texture": "#bismuthbronze", "uv": [ 0.0, 0.0, 3.0, 4.5 ] }
							}
						}
					]
				},
				{
					"name": "ribs",
					"from": [ 0.0, -0.5, 0.0 ],
					"to": [ 0.0, -0.5, 0.0 ],
					"rotationOrigin": [ 0.0, -0.5, 0.0 ],
					"faces": {
						"north": { "texture": "#rustyglow", "uv": [ 0.0, 0.0, 0.5, 0.5 ] },
						"east": { "texture": "#rustyglow", "uv": [ 0.0, 0.0, 0.5, 0.5 ] },
						"south": { "texture": "#rustyglow", "uv": [ 0.0, 0.0, 0.5, 0.5 ] },
						"west": { "texture": "#rustyglow", "uv": [ 0.0, 0.0, 0.5, 0.5 ] },
						"up": { "texture": "#rustyglow", "uv": [ 0.0, 0.0, 0.5, 0.5 ] },
						"down": { "texture": "#rustyglow", "uv": [ 0.0, 0.0, 0.5, 0.5 ] }
					},
					"children": [
						{
							"name": "rib1",
							"from": [ 3.0, 7.0, -1.0 ],
							"to": [ 7.0, 7.5, -0.5 ],
							"rotationOrigin": [ 3.0, 7.0, -1.0 ],
							"faces": {
								"north": { "texture": "#rustyglow", "uv": [ 0.0, 0.0, 4.0, 0.5 ] },
								"east": { "texture": "#rustyglow", "uv": [ 0.0, 0.0, 0.5, 0.5 ] },
								"south": { "texture": "#rustyglow", "uv": [ 0.0, 0.0, 4.0, 0.5 ] },
								"west": { "texture": "#rustyglow", "uv": [ 0.0, 0.0, 0.5, 0.5 ] },
								"up": { "texture": "#rustyglow", "uv": [ 0.0, 0.0, 4.0, 0.5 ] },
								"down": { "texture": "#rustyglow", "uv": [ 0.0, 0.0, 4.0, 0.5 ] }
							},
							"children": [
								{
									"name": "Cube22",
									"from": [ 0.0, 0.0, -3.0 ],
									"to": [ 0.5, 0.5, 0.0 ],
									"rotationOrigin": [ 0.0, 0.0, -3.0 ],
									"faces": {
										"north": { "texture": "#rustyglow", "uv": [ 0.0, 0.0, 0.5, 0.5 ] },
										"east": { "texture": "#rustyglow", "uv": [ 0.0, 0.0, 3.0, 0.5 ] },
										"south": { "texture": "#rustyglow", "uv": [ 0.0, 0.0, 0.5, 0.5 ] },
										"west": { "texture": "#rustyglow", "uv": [ 0.0, 0.0, 3.0, 0.5 ] },
										"up": { "texture": "#rustyglow", "uv": [ 0.0, 0.0, 0.5, 3.0 ] },
										"down": { "texture": "#rustyglow", "uv": [ 0.0, 0.0, 0.5, 3.0 ] }
									}
								},
								{
									"name": "Cube23",
									"from": [ 3.5, 0.0, -3.0 ],
									"to": [ 4.0, 0.5, 0.0 ],
									"rotationOrigin": [ 3.5, 0.0, -3.0 ],
									"faces": {
										"north": { "texture": "#rustyglow", "uv": [ 0.0, 0.0, 0.5, 0.5 ] },
										"east": { "texture": "#rustyglow", "uv": [ 0.0, 0.0, 3.0, 0.5 ] },
										"south": { "texture": "#rustyglow", "uv": [ 0.0, 0.0, 0.5, 0.5 ] },
										"west": { "texture": "#rustyglow", "uv": [ 0.0, 0.0, 3.0, 0.5 ] },
										"up": { "texture": "#rustyglow", "uv": [ 0.0, 0.0, 0.5, 3.0 ] },
										"down": { "texture": "#rustyglow", "uv": [ 0.0, 0.0, 0.5, 3.0 ] }
									}
								}
							]
						},
						{
							"name": "rib2",
							"from": [ 3.0, 6.0, -1.0 ],
							"to": [ 7.0, 6.5, -0.5 ],
							"rotationOrigin": [ 3.0, 6.0, -1.0 ],
							"faces": {
								"north": { "texture": "#rustyglow", "uv": [ 0.0, 0.0, 4.0, 0.5 ] },
								"east": { "texture": "#rustyglow", "uv": [ 0.0, 0.0, 0.5, 0.5 ] },
								"south": { "texture": "#rustyglow", "uv": [ 0.0, 0.0, 4.0, 0.5 ] },
								"west": { "texture": "#rustyglow", "uv": [ 0.0, 0.0, 0.5, 0.5 ] },
								"up": { "texture": "#rustyglow", "uv": [ 0.0, 0.0, 4.0, 0.5 ] },
								"down": { "texture": "#rustyglow", "uv": [ 0.0, 0.0, 4.0, 0.5 ] }
							},
							"children": [
								{
									"name": "Cube24",
									"from": [ 0.0, 0.0, -3.0 ],
									"to": [ 0.5, 0.5, 0.0 ],
									"rotationOrigin": [ 0.0, 0.0, -3.0 ],
									"faces": {
										"north": { "texture": "#rustyglow", "uv": [ 0.0, 0.0, 0.5, 0.5 ] },
										"east": { "texture": "#rustyglow", "uv": [ 0.0, 0.0, 3.0, 0.5 ] },
										"south": { "texture": "#rustyglow", "uv": [ 0.0, 0.0, 0.5, 0.5 ] },
										"west": { "texture": "#rustyglow", "uv": [ 0.0, 0.0, 3.0, 0.5 ] },
										"up": { "texture": "#rustyglow", "uv": [ 0.0, 0.0, 0.5, 3.0 ] },
										"down": { "texture": "#rustyglow", "uv": [ 0.0, 0.0, 0.5, 3.0 ] }
									}
								},
								{
									"name": "Cube25",
									"from": [ 3.5, 0.0, -3.0 ],
									"to": [ 4.0, 0.5, 0.0 ],
									"rotationOrigin": [ 3.5, 0.0, -3.0 ],
									"faces": {
										"north": { "texture": "#rustyglow", "uv": [ 0.0, 0.0, 0.5, 0.5 ] },
										"east": { "texture": "#rustyglow", "uv": [ 0.0, 0.0, 3.0, 0.5 ] },
										"south": { "texture": "#rustyglow", "uv": [ 0.0, 0.0, 0.5, 0.5 ] },
										"west": { "texture": "#rustyglow", "uv": [ 0.0, 0.0, 3.0, 0.5 ] },
										"up": { "texture": "#rustyglow", "uv": [ 0.0, 0.0, 0.5, 3.0 ] },
										"down": { "texture": "#rustyglow", "uv": [ 0.0, 0.0, 0.5, 3.0 ] }
									}
								}
							]
						},
						{
							"name": "rib3",
							"from": [ 3.0, 9.0, -1.0 ],
							"to": [ 7.0, 9.5, -0.5 ],
							"rotationOrigin": [ 3.0, 9.0, -1.0 ],
							"faces": {
								"north": { "texture": "#rustyglow", "uv": [ 0.0, 0.0, 4.0, 0.5 ], "glow": 200 },
								"east": { "texture": "#rustyglow", "uv": [ 0.0, 0.0, 0.5, 0.5 ], "glow": 200 },
								"south": { "texture": "#rustyglow", "uv": [ 0.0, 0.0, 4.0, 0.5 ], "glow": 200 },
								"west": { "texture": "#rustyglow", "uv": [ 0.0, 0.0, 0.5, 0.5 ], "glow": 200 },
								"up": { "texture": "#rustyglow", "uv": [ 0.0, 0.0, 4.0, 0.5 ], "glow": 200 },
								"down": { "texture": "#rustyglow", "uv": [ 0.0, 0.0, 4.0, 0.5 ], "glow": 200 }
							},
							"children": [
								{
									"name": "Cube26",
									"from": [ 0.0, 0.0, -3.0 ],
									"to": [ 0.5, 0.5, 0.0 ],
									"rotationOrigin": [ 0.0, 0.0, -3.0 ],
									"faces": {
										"north": { "texture": "#rustyglow", "uv": [ 0.0, 0.0, 0.5, 0.5 ], "glow": 200 },
										"east": { "texture": "#rustyglow", "uv": [ 0.0, 0.0, 3.0, 0.5 ], "glow": 200 },
										"south": { "texture": "#rustyglow", "uv": [ 0.0, 0.0, 0.5, 0.5 ], "glow": 200 },
										"west": { "texture": "#rustyglow", "uv": [ 0.0, 0.0, 3.0, 0.5 ], "glow": 200 },
										"up": { "texture": "#rustyglow", "uv": [ 0.0, 0.0, 0.5, 3.0 ], "glow": 200 },
										"down": { "texture": "#rustyglow", "uv": [ 0.0, 0.0, 0.5, 3.0 ], "glow": 200 }
									}
								},
								{
									"name": "Cube27",
									"from": [ 3.5, 0.0, -3.0 ],
									"to": [ 4.0, 0.5, 0.0 ],
									"rotationOrigin": [ 3.5, 0.0, -3.0 ],
									"faces": {
										"north": { "texture": "#rustyglow", "uv": [ 0.0, 0.0, 0.5, 0.5 ], "glow": 200 },
										"east": { "texture": "#rustyglow", "uv": [ 0.0, 0.0, 3.0, 0.5 ], "glow": 200 },
										"south": { "texture": "#rustyglow", "uv": [ 0.0, 0.0, 0.5, 0.5 ], "glow": 200 },
										"west": { "texture": "#rustyglow", "uv": [ 0.0, 0.0, 3.0, 0.5 ], "glow": 200 },
										"up": { "texture": "#rustyglow", "uv": [ 0.0, 0.0, 0.5, 3.0 ], "glow": 200 },
										"down": { "texture": "#rustyglow", "uv": [ 0.0, 0.0, 0.5, 3.0 ], "glow": 200 }
									}
								}
							]
						},
						{
							"name": "rib4",
							"from": [ 3.0, 8.0, -1.0 ],
							"to": [ 7.0, 8.5, -0.5 ],
							"rotationOrigin": [ 3.0, 8.0, -1.0 ],
							"faces": {
								"north": { "texture": "#rustyglow", "uv": [ 0.0, 0.0, 4.0, 0.5 ], "glow": 200 },
								"east": { "texture": "#rustyglow", "uv": [ 0.0, 0.0, 0.5, 0.5 ], "glow": 200 },
								"south": { "texture": "#rustyglow", "uv": [ 0.0, 0.0, 4.0, 0.5 ], "glow": 200 },
								"west": { "texture": "#rustyglow", "uv": [ 0.0, 0.0, 0.5, 0.5 ], "glow": 200 },
								"up": { "texture": "#rustyglow", "uv": [ 0.0, 0.0, 4.0, 0.5 ], "glow": 200 },
								"down": { "texture": "#rustyglow", "uv": [ 0.0, 0.0, 4.0, 0.5 ], "glow": 200 }
							},
							"children": [
								{
									"name": "Cube28",
									"from": [ 0.0, 0.0, -3.0 ],
									"to": [ 0.5, 0.5, 0.0 ],
									"rotationOrigin": [ 0.0, 0.0, -3.0 ],
									"faces": {
										"north": { "texture": "#rustyglow", "uv": [ 0.0, 0.0, 0.5, 0.5 ], "glow": 200 },
										"east": { "texture": "#rustyglow", "uv": [ 0.0, 0.0, 3.0, 0.5 ], "glow": 200 },
										"south": { "texture": "#rustyglow", "uv": [ 0.0, 0.0, 0.5, 0.5 ], "glow": 200 },
										"west": { "texture": "#rustyglow", "uv": [ 0.0, 0.0, 3.0, 0.5 ], "glow": 200 },
										"up": { "texture": "#rustyglow", "uv": [ 0.0, 0.0, 0.5, 3.0 ], "glow": 200 },
										"down": { "texture": "#rustyglow", "uv": [ 0.0, 0.0, 0.5, 3.0 ], "glow": 200 }
									}
								},
								{
									"name": "Cube29",
									"from": [ 3.5, 0.0, -3.0 ],
									"to": [ 4.0, 0.5, 0.0 ],
									"rotationOrigin": [ 3.5, 0.0, -3.0 ],
									"faces": {
										"north": { "texture": "#rustyglow", "uv": [ 0.0, 0.0, 0.5, 0.5 ], "glow": 200 },
										"east": { "texture": "#rustyglow", "uv": [ 0.0, 0.0, 3.0, 0.5 ], "glow": 200 },
										"south": { "texture": "#rustyglow", "uv": [ 0.0, 0.0, 0.5, 0.5 ], "glow": 200 },
										"west": { "texture": "#rustyglow", "uv": [ 0.0, 0.0, 3.0, 0.5 ], "glow": 200 },
										"up": { "texture": "#rustyglow", "uv": [ 0.0, 0.0, 0.5, 3.0 ], "glow": 200 },
										"down": { "texture": "#rustyglow", "uv": [ 0.0, 0.0, 0.5, 3.0 ], "glow": 200 }
									}
								}
							]
						}
					]
				},
				{
					"name": "Cube34",
					"from": [ 1.0, 1.0, 1.0 ],
					"to": [ 2.0, 1.5, 2.0 ],
					"rotationOrigin": [ 1.0, 1.0, 1.0 ],
					"faces": {
						"north": { "texture": "#iron", "uv": [ 4.0, 4.5, 5.0, 5.0 ] },
						"east": { "texture": "#iron", "uv": [ 3.5, 5.5, 4.5, 6.0 ] },
						"south": { "texture": "#iron", "uv": [ 4.5, 6.5, 5.5, 7.0 ] },
						"west": { "texture": "#iron", "uv": [ 2.5, 7.5, 3.5, 8.0 ] },
						"up": { "texture": "#iron", "uv": [ 0.5, 3.5, 1.5, 4.5 ] },
						"down": { "texture": "#iron", "uv": [ 2.0, 2.5, 3.0, 3.5 ] }
					}
				},
				{
					"name": "Cube35",
					"from": [ 8.0, 1.0, 1.0 ],
					"to": [ 9.0, 1.5, 2.0 ],
					"rotationOrigin": [ 8.0, 1.0, 1.0 ],
					"faces": {
						"north": { "texture": "#iron", "uv": [ 4.0, 4.5, 5.0, 5.0 ] },
						"east": { "texture": "#iron", "uv": [ 3.5, 5.5, 4.5, 6.0 ] },
						"south": { "texture": "#iron", "uv": [ 4.5, 6.5, 5.5, 7.0 ] },
						"west": { "texture": "#iron", "uv": [ 2.5, 7.5, 3.5, 8.0 ] },
						"up": { "texture": "#iron", "uv": [ 0.5, 3.5, 1.5, 4.5 ] },
						"down": { "texture": "#iron", "uv": [ 2.0, 2.5, 3.0, 3.5 ] }
					}
				},
				{
					"name": "Cube36",
					"from": [ 3.0, 0.0, 3.0 ],
					"to": [ 7.0, 1.0, 4.0 ],
					"rotationOrigin": [ 3.0, 0.0, 3.0 ],
					"faces": {
						"north": { "texture": "#iron", "uv": [ 5.0, 7.5, 9.0, 8.5 ] },
						"east": { "texture": "#iron", "uv": [ 6.5, 6.5, 7.5, 7.5 ] },
						"south": { "texture": "#iron", "uv": [ 3.5, 5.0, 7.5, 6.0 ] },
						"west": { "texture": "#iron", "uv": [ 6.0, 9.0, 7.0, 10.0 ] },
						"up": { "texture": "#iron", "uv": [ 5.0, 8.5, 9.0, 9.5 ] },
						"down": { "texture": "#iron", "uv": [ 6.0, 7.0, 10.0, 8.0 ] }
					}
				}
			]
		},
		{
			"name": "glass",
			"from": [ 6.0, 5.0, 6.0 ],
			"to": [ 10.0, 5.5, 10.0 ],
			"rotationOrigin": [ 6.0, 5.0, 6.0 ],
			"faces": {
				"north": { "texture": "#iron", "uv": [ 0.0, 0.0, 4.0, 0.5 ] },
				"east": { "texture": "#iron", "uv": [ 0.0, 0.0, 4.0, 0.5 ] },
				"south": { "texture": "#iron", "uv": [ 0.0, 0.0, 4.0, 0.5 ] },
				"west": { "texture": "#iron", "uv": [ 0.0, 0.0, 4.0, 0.5 ] },
				"up": { "texture": "#iron", "uv": [ 0.0, 0.0, 4.0, 4.0 ] },
				"down": { "texture": "#iron", "uv": [ 0.0, 0.0, 4.0, 4.0 ] }
			},
			"children": [
				{
					"name": "Cube30",
					"from": [ 0.5, 0.0, 4.0 ],
					"to": [ 3.5, 0.5, 5.0 ],
					"rotationOrigin": [ 0.5, 0.0, 4.0 ],
					"faces": {
						"north": { "texture": "#iron", "uv": [ 0.0, 0.0, 3.0, 0.5 ] },
						"east": { "texture": "#iron", "uv": [ 0.0, 0.0, 1.0, 0.5 ] },
						"south": { "texture": "#iron", "uv": [ 0.0, 0.0, 3.0, 0.5 ] },
						"west": { "texture": "#iron", "uv": [ 0.0, 0.0, 1.0, 0.5 ] },
						"up": { "texture": "#iron", "uv": [ 0.0, 0.0, 3.0, 1.0 ] },
						"down": { "texture": "#iron", "uv": [ 0.0, 0.0, 3.0, 1.0 ] }
					}
				},
				{
					"name": "Cube32",
					"from": [ -0.5, 0.01, -0.5 ],
					"to": [ 4.5, 9.51, 5.5 ],
					"renderPass": 3,
					"rotationOrigin": [ -0.5, 0.1, -0.5 ],
					"faces": {
						"north": { "texture": "#statictranslocator_glass", "uv": [ 0.0, 0.0, 5.0, 9.5 ] },
						"east": { "texture": "#statictranslocator_glass", "uv": [ 0.0, 0.0, 6.0, 9.5 ] },
						"south": { "texture": "#statictranslocator_glass", "uv": [ 0.0, 0.0, 5.0, 9.5 ] },
						"west": { "texture": "#statictranslocator_glass", "uv": [ 0.0, 0.0, 6.0, 9.5 ] },
						"up": { "texture": "#statictranslocator_glass", "uv": [ 0.0, 0.0, 5.0, 6.0 ] },
						"down": { "texture": "#statictranslocator_glass", "uv": [ 0.0, 0.0, 5.0, 6.0 ] }
					},
					"children": [
						{
							"name": "Cube33",
							"from": [ 1.0, 9.5, 1.0 ],
							"to": [ 4.0, 10.5, 5.0 ],
							"renderPass": 3,
							"rotationOrigin": [ -1.0, 9.5, 1.0 ],
							"faces": {
								"north": { "texture": "#statictranslocator_glass", "uv": [ 0.0, 0.0, 3.0, 1.0 ] },
								"east": { "texture": "#statictranslocator_glass", "uv": [ 0.0, 0.0, 4.0, 1.0 ] },
								"south": { "texture": "#statictranslocator_glass", "uv": [ 0.0, 0.0, 3.0, 1.0 ] },
								"west": { "texture": "#statictranslocator_glass", "uv": [ 0.0, 0.0, 4.0, 1.0 ] },
								"up": { "texture": "#statictranslocator_glass", "uv": [ 0.0, 0.0, 3.0, 4.0 ] },
								"down": { "texture": "#statictranslocator_glass", "uv": [ 0.0, 0.0, 3.0, 4.0 ] }
							}
						}
					]
				}
			]
		}
	]}