{
	"editor": {
		"allAngles": false,
		"entityTextureMode": false
	},
	"textureWidth": 16,
	"textureHeight": 16,
	"textureSizes": {
		"tech-powergeneratormain": [16,16],
		"tech-powergenerator": [16,16],
		"rustyglow": [16,16],
		"bismuthbronze2": [16,16],
		"aged": [16,16]
	},
	"textures": {
		"aged": "block/aged",
		"aged-ceramic2": "block/aged-ceramic2",
		"bismuthbronze2": "block/bismuthbronze",
		"iron": "block/iron",
		"terminal": "block/normal3",
		"reflexholes": "block/reflexholes",
		"rustycolored": "block/rustycolored",
		"rustyglow": "block/rustyglow",
		"tech-powergenerator": "block/tech-powergenerator"
	},
	"elements": [
		{
			"name": "base",
			"from": [ 1.0, 0.0, 1.0 ],
			"to": [ 15.0, 1.0, 15.0 ],
			"rotationOrigin": [ 13.0, 0.0, 1.0 ],
			"faces": {
				"north": { "texture": "#aged", "uv": [ 0.0, 0.0, 14.0, 1.0 ] },
				"east": { "texture": "#aged", "uv": [ 0.0, 0.0, 14.0, 1.0 ] },
				"south": { "texture": "#aged", "uv": [ 0.0, 0.0, 14.0, 1.0 ] },
				"west": { "texture": "#aged", "uv": [ 0.0, 0.0, 14.0, 1.0 ] },
				"up": { "texture": "#aged", "uv": [ 0.0, 0.0, 14.0, 14.0 ] },
				"down": { "texture": "#aged", "uv": [ 0.0, 0.0, 14.0, 14.0 ] }
			}
		},
		{
			"name": "pad",
			"from": [ 5.0, 1.0, 6.0 ],
			"to": [ 10.0, 3.5, 11.0 ],
			"rotationOrigin": [ 11.0, 1.0, 6.0 ],
			"faces": {
				"north": { "texture": "#tech-powergenerator", "uv": [ 7.5, 8.5, 10.0, 13.5 ], "rotation": 90 },
				"east": { "texture": "#tech-powergenerator", "uv": [ 11.0, 7.0, 13.5, 13.5 ], "rotation": 90, "autoUv": false },
				"south": { "texture": "#iron", "uv": [ 2.5, 3.0, 5.0, 8.0 ], "rotation": 270 },
				"west": { "texture": "#tech-powergenerator", "uv": [ 2.0, 0.0, 5.0, 4.5 ], "rotation": 270, "autoUv": false },
				"up": { "texture": "#iron", "uv": [ 6.5, 2.0, 11.5, 7.0 ] },
				"down": { "texture": "#tech-powergenerator", "uv": [ 7.0, 2.0, 12.0, 7.0 ] }
			},
			"children": [
				{
					"name": "Cube2",
					"from": [ 1.2, 2.5, 1.2 ],
					"to": [ 3.7, 3.5, 3.7 ],
					"rotationOrigin": [ 2.5, 2.5, 2.4 ],
					"faces": {
						"north": { "texture": "#aged-ceramic2", "uv": [ 0.0, 0.0, 2.5, 1.0 ] },
						"east": { "texture": "#aged-ceramic2", "uv": [ 0.0, 0.0, 2.5, 1.0 ] },
						"south": { "texture": "#aged-ceramic2", "uv": [ 0.0, 0.0, 2.5, 1.0 ] },
						"west": { "texture": "#aged-ceramic2", "uv": [ 0.0, 0.0, 2.5, 1.0 ] },
						"up": { "texture": "#aged-ceramic2", "uv": [ 0.0, 0.0, 2.5, 2.5 ] },
						"down": { "texture": "#aged-ceramic2", "uv": [ 0.0, 0.0, 2.5, 2.5 ] }
					},
					"children": [
						{
							"name": "disc",
							"from": [ 0.8, 1.0, 0.8 ],
							"to": [ 1.8, 4.0, 1.8 ],
							"rotationOrigin": [ 1.3, 1.0, 1.3 ],
							"rotationY": -45.0,
							"faces": {
								"north": { "texture": "#aged-ceramic2", "uv": [ 0.0, 0.0, 1.0, 3.0 ] },
								"east": { "texture": "#aged-ceramic2", "uv": [ 0.0, 0.0, 1.0, 3.0 ] },
								"south": { "texture": "#aged-ceramic2", "uv": [ 0.0, 0.0, 1.0, 3.0 ] },
								"west": { "texture": "#aged-ceramic2", "uv": [ 0.0, 0.0, 1.0, 3.0 ] },
								"up": { "texture": "#aged-ceramic2", "uv": [ 0.0, 0.0, 1.0, 1.0 ] },
								"down": { "texture": "#aged-ceramic2", "uv": [ 0.0, 0.0, 1.0, 1.0 ] }
							},
							"children": [
								{
									"name": "Cube9",
									"from": [ -0.5, 1.0, -0.5 ],
									"to": [ 1.5, 3.0, 1.5 ],
									"rotationOrigin": [ -0.5, 1.0, -0.5 ],
									"faces": {
										"north": { "texture": "#aged-ceramic2", "uv": [ 0.0, 0.0, 2.0, 2.0 ] },
										"east": { "texture": "#aged-ceramic2", "uv": [ 0.0, 0.0, 2.0, 2.0 ] },
										"south": { "texture": "#aged-ceramic2", "uv": [ 0.0, 0.0, 2.0, 2.0 ] },
										"west": { "texture": "#aged-ceramic2", "uv": [ 0.0, 0.0, 2.0, 2.0 ] },
										"up": { "texture": "#aged-ceramic2", "uv": [ 0.0, 0.0, 2.0, 2.0 ] },
										"down": { "texture": "#aged-ceramic2", "uv": [ 0.0, 0.0, 2.0, 2.0 ] }
									}
								},
								{
									"name": "antena",
									"from": [ 0.0, 1.5, -2.0 ],
									"to": [ 1.0, 2.5, 1.5 ],
									"rotationOrigin": [ 0.0, 1.5, -2.0 ],
									"faces": {
										"north": { "texture": "#aged-ceramic2", "uv": [ 0.0, 0.0, 1.0, 1.0 ] },
										"east": { "texture": "#aged-ceramic2", "uv": [ 0.0, 0.0, 3.5, 1.0 ] },
										"south": { "texture": "#aged-ceramic2", "uv": [ 0.0, 0.0, 1.0, 1.0 ] },
										"west": { "texture": "#aged-ceramic2", "uv": [ 0.0, 0.0, 3.5, 1.0 ] },
										"up": { "texture": "#aged-ceramic2", "uv": [ 0.0, 0.0, 1.0, 3.5 ] },
										"down": { "texture": "#aged-ceramic2", "uv": [ 0.0, 0.0, 1.0, 3.5 ] }
									},
									"children": [
										{
											"name": "reflex1",
											"from": [ -1.5, -1.49, -1.0 ],
											"to": [ 2.5, 2.51, 0.0 ],
											"rotationOrigin": [ -1.5, -1.5, -1.0 ],
											"faces": {
												"north": { "texture": "#reflexholes", "uv": [ 1.0, 0.5, 5.5, 5.0 ], "autoUv": false },
												"east": { "texture": "#aged-ceramic2", "uv": [ 0.0, 0.0, 1.0, 4.0 ] },
												"south": { "texture": "#aged-ceramic2", "uv": [ 5.5, 4.5, 9.5, 8.5 ] },
												"west": { "texture": "#aged-ceramic2", "uv": [ 0.0, 0.0, 1.0, 4.0 ] },
												"up": { "texture": "#aged-ceramic2", "uv": [ 0.0, 0.0, 4.0, 1.0 ] },
												"down": { "texture": "#aged-ceramic2", "uv": [ 0.0, 0.0, 4.0, 1.0 ] }
											}
										},
										{
											"name": "reflex2",
											"from": [ 2.5, -1.5, -1.0 ],
											"to": [ 6.5, 2.5, 0.0 ],
											"rotationOrigin": [ 2.5, -1.5, 0.0 ],
											"rotationY": 45.0,
											"faces": {
												"north": { "texture": "#reflexholes", "uv": [ 1.0, 0.5, 5.5, 5.0 ], "autoUv": false },
												"east": { "texture": "#aged-ceramic2", "uv": [ 0.0, 0.0, 1.0, 4.0 ] },
												"south": { "texture": "#aged-ceramic2", "uv": [ 0.0, 0.0, 4.0, 4.0 ] },
												"west": { "texture": "#aged-ceramic2", "uv": [ 0.0, 0.0, 1.0, 4.0 ] },
												"up": { "texture": "#aged-ceramic2", "uv": [ 0.0, 0.0, 4.0, 1.0 ] },
												"down": { "texture": "#aged-ceramic2", "uv": [ 0.0, 0.0, 4.0, 1.0 ] }
											}
										},
										{
											"name": "reflex3",
											"from": [ -5.5, -1.5, -1.0 ],
											"to": [ -1.5, 2.5, 0.0 ],
											"rotationOrigin": [ -1.5, -1.5, 0.0 ],
											"rotationY": -45.0,
											"faces": {
												"north": { "texture": "#reflexholes", "uv": [ 1.0, 0.5, 5.5, 5.0 ], "autoUv": false },
												"east": { "texture": "#aged-ceramic2", "uv": [ 0.0, 0.0, 1.0, 4.0 ] },
												"south": { "texture": "#aged-ceramic2", "uv": [ 0.0, 0.0, 4.0, 4.0 ] },
												"west": { "texture": "#aged-ceramic2", "uv": [ 0.0, 0.0, 1.0, 4.0 ] },
												"up": { "texture": "#aged-ceramic2", "uv": [ 0.0, 0.0, 4.0, 1.0 ] },
												"down": { "texture": "#aged-ceramic2", "uv": [ 0.0, 0.0, 4.0, 1.0 ] }
											}
										},
										{
											"name": "Cube13",
											"from": [ 0.2, 0.3, -4.0 ],
											"to": [ 0.8, 0.9, 0.0 ],
											"rotationOrigin": [ 0.2, 0.3, -4.0 ],
											"faces": {
												"north": { "texture": "#bismuthbronze2", "uv": [ 0.0, 0.0, 0.5, 0.5 ] },
												"east": { "texture": "#bismuthbronze2", "uv": [ 0.0, 0.0, 4.0, 0.5 ] },
												"south": { "texture": "#bismuthbronze2", "uv": [ 0.0, 0.0, 0.5, 0.5 ] },
												"west": { "texture": "#bismuthbronze2", "uv": [ 0.0, 0.0, 4.0, 0.5 ] },
												"up": { "texture": "#bismuthbronze2", "uv": [ 0.0, 0.0, 0.5, 4.0 ] },
												"down": { "texture": "#bismuthbronze2", "uv": [ 0.0, 0.0, 0.5, 4.0 ] }
											}
										},
										{
											"name": "point",
											"from": [ 0.0, 0.1, -4.1 ],
											"to": [ 1.0, 1.1, -3.1 ],
											"rotationOrigin": [ 0.0, 0.1, -4.1 ],
											"faces": {
												"north": { "texture": "#rustyglow", "uv": [ 0.0, 0.0, 1.0, 1.0 ], "glow": 200, "windMode": [-1,-1,-1,-1] },
												"east": { "texture": "#rustyglow", "uv": [ 0.0, 0.0, 1.0, 1.0 ], "glow": 200, "windMode": [-1,-1,-1,-1] },
												"south": { "texture": "#rustyglow", "uv": [ 0.0, 0.0, 1.0, 1.0 ], "glow": 200, "windMode": [-1,-1,-1,-1] },
												"west": { "texture": "#rustyglow", "uv": [ 0.0, 0.0, 1.0, 1.0 ], "glow": 200, "windMode": [-1,-1,-1,-1] },
												"up": { "texture": "#rustyglow", "uv": [ 0.0, 0.0, 1.0, 1.0 ], "glow": 200, "windMode": [-1,-1,-1,-1] },
												"down": { "texture": "#rustyglow", "uv": [ 0.0, 0.0, 1.0, 1.0 ], "glow": 200, "windMode": [-1,-1,-1,-1] }
											}
										},
										{
											"name": "glow1",
											"from": [ -1.5, -1.41, -0.9 ],
											"to": [ 2.3, 2.39, -0.1 ],
											"rotationOrigin": [ -1.5, -1.4, -0.9 ],
											"faces": {
												"north": { "texture": "#rustyglow", "uv": [ 4.0, 2.5, 7.5, 6.0 ], "glow": 200, "windMode": [-1,-1,-1,-1] },
												"east": { "texture": "#rustyglow", "uv": [ 0.0, 0.0, 0.5, 3.5 ], "glow": 200 },
												"south": { "texture": "#rustyglow", "uv": [ 5.5, 4.5, 9.0, 8.0 ], "glow": 200 },
												"west": { "texture": "#rustyglow", "uv": [ 0.0, 0.0, 0.5, 3.5 ], "glow": 200 },
												"up": { "texture": "#rustyglow", "uv": [ 0.0, 0.0, 3.5, 0.5 ], "glow": 200 },
												"down": { "texture": "#rustyglow", "uv": [ 0.0, 0.0, 3.5, 0.5 ], "glow": 200 }
											}
										},
										{
											"name": "glow2",
											"from": [ 2.6, -1.4, -0.9 ],
											"to": [ 6.4, 2.4, -0.1 ],
											"rotationOrigin": [ 2.6, -1.4, 0.1 ],
											"rotationY": 45.0,
											"faces": {
												"north": { "texture": "#rustyglow", "uv": [ 2.0, 1.0, 5.5, 4.5 ], "glow": 200, "windMode": [-1,-1,-1,-1] },
												"east": { "texture": "#rustyglow", "uv": [ 0.0, 0.0, 0.5, 3.5 ], "glow": 200, "windMode": [-1,-1,-1,-1] },
												"south": { "texture": "#rustyglow", "uv": [ 0.0, 0.0, 3.5, 3.5 ], "glow": 200, "windMode": [-1,-1,-1,-1] },
												"west": { "texture": "#rustyglow", "uv": [ 0.0, 0.0, 0.5, 3.5 ], "glow": 200, "windMode": [-1,-1,-1,-1] },
												"up": { "texture": "#rustyglow", "uv": [ 0.0, 0.0, 3.5, 0.5 ], "glow": 200, "windMode": [-1,-1,-1,-1] },
												"down": { "texture": "#rustyglow", "uv": [ 0.0, 0.0, 3.5, 0.5 ], "glow": 200, "windMode": [-1,-1,-1,-1] }
											}
										},
										{
											"name": "glow3",
											"from": [ -5.5, -1.4, -0.9 ],
											"to": [ -1.7, 2.4, -0.1 ],
											"rotationOrigin": [ -1.5, -1.4, 0.1 ],
											"rotationY": -45.0,
											"faces": {
												"north": { "texture": "#rustyglow", "uv": [ 0.0, 1.5, 3.5, 5.0 ], "glow": 200, "autoUv": false },
												"east": { "texture": "#rustyglow", "uv": [ 0.0, 0.0, 0.5, 3.5 ], "glow": 200 },
												"south": { "texture": "#rustyglow", "uv": [ 0.0, 0.0, 3.5, 3.5 ], "glow": 200 },
												"west": { "texture": "#rustyglow", "uv": [ 0.0, 0.0, 0.5, 3.5 ], "glow": 200 },
												"up": { "texture": "#rustyglow", "uv": [ 0.0, 0.0, 3.5, 0.5 ], "glow": 200 },
												"down": { "texture": "#rustyglow", "uv": [ 0.0, 0.0, 3.5, 0.5 ], "glow": 200 }
											}
										}
									]
								}
							]
						}
					]
				}
			]
		},
		{
			"name": "x",
			"from": [ 13.0, 1.0, 13.0 ],
			"to": [ 15.0, 3.0, 15.0 ],
			"rotationOrigin": [ 22.0, 0.0, 11.0 ],
			"faces": {
				"north": { "texture": "#terminal", "uv": [ 7.0, 14.0, 9.0, 16.0 ] },
				"east": { "texture": "#terminal", "uv": [ 7.0, 14.0, 9.0, 16.0 ] },
				"south": { "texture": "#terminal", "uv": [ 7.0, 14.0, 9.0, 16.0 ] },
				"west": { "texture": "#terminal", "uv": [ 7.0, 14.0, 9.0, 16.0 ] },
				"up": { "texture": "#terminal", "uv": [ 7.0, 7.0, 9.0, 9.0 ] },
				"down": { "texture": "#terminal", "uv": [ 7.0, 7.0, 9.0, 9.0 ] }
			},
			"children": [
				{
					"name": "term2_0",
					"from": [ 0.5, 2.0, 0.5 ],
					"to": [ 1.5, 3.0, 1.5 ],
					"rotationOrigin": [ 2.0, 2.0, 0.0 ],
					"faces": {
						"north": { "texture": "#terminal", "uv": [ 2.0, 1.0, 3.0, 2.0 ] },
						"east": { "texture": "#terminal", "uv": [ 2.0, 1.0, 3.0, 2.0 ] },
						"south": { "texture": "#terminal", "uv": [ 2.0, 1.0, 3.0, 2.0 ] },
						"west": { "texture": "#terminal", "uv": [ 2.0, 1.0, 3.0, 2.0 ] },
						"up": { "texture": "#rustycolored", "uv": [ 2.5, 3.5, 3.5, 4.5 ] },
						"down": { "texture": "#terminal", "uv": [ 0.5, 0.5, 1.5, 1.5 ] }
					}
				},
				{
					"name": "term3_0",
					"from": [ 0.0, 2.2, 0.0 ],
					"to": [ 2.0, 2.7, 2.0 ],
					"rotationOrigin": [ 1.0, 1.0, 1.0 ],
					"faces": {
						"north": { "texture": "#terminal", "uv": [ 0.0, 0.0, 2.0, 0.5 ] },
						"east": { "texture": "#terminal", "uv": [ 0.0, 0.0, 2.0, 0.5 ] },
						"south": { "texture": "#terminal", "uv": [ 0.0, 0.0, 2.0, 0.5 ] },
						"west": { "texture": "#terminal", "uv": [ 0.0, 0.0, 2.0, 0.5 ] },
						"up": { "texture": "#terminal", "uv": [ 2.0, 2.0, 4.0, 4.0 ] },
						"down": { "texture": "#terminal", "uv": [ 2.0, 2.0, 4.0, 4.0 ] }
					}
				}
			]
		},
		{
			"name": "y",
			"from": [ 10.0, 1.0, 13.0 ],
			"to": [ 12.0, 3.0, 15.0 ],
			"rotationOrigin": [ 19.1, 0.0, 11.0 ],
			"faces": {
				"north": { "texture": "#terminal", "uv": [ 7.0, 14.0, 9.0, 16.0 ] },
				"east": { "texture": "#terminal", "uv": [ 7.0, 14.0, 9.0, 16.0 ] },
				"south": { "texture": "#terminal", "uv": [ 7.0, 14.0, 9.0, 16.0 ] },
				"west": { "texture": "#terminal", "uv": [ 7.0, 14.0, 9.0, 16.0 ] },
				"up": { "texture": "#terminal", "uv": [ 7.0, 7.0, 9.0, 9.0 ] },
				"down": { "texture": "#terminal", "uv": [ 7.0, 7.0, 9.0, 9.0 ] }
			},
			"children": [
				{
					"name": "term2_1",
					"from": [ 0.5, 2.0, 0.5 ],
					"to": [ 1.5, 3.0, 1.5 ],
					"rotationOrigin": [ 2.0, 2.0, 0.0 ],
					"faces": {
						"north": { "texture": "#terminal", "uv": [ 2.0, 1.0, 3.0, 2.0 ] },
						"east": { "texture": "#terminal", "uv": [ 2.0, 1.0, 3.0, 2.0 ] },
						"south": { "texture": "#terminal", "uv": [ 2.0, 1.0, 3.0, 2.0 ] },
						"west": { "texture": "#terminal", "uv": [ 2.0, 1.0, 3.0, 2.0 ] },
						"up": { "texture": "#rustycolored", "uv": [ 3.5, 3.5, 4.5, 4.5 ] },
						"down": { "texture": "#terminal", "uv": [ 0.5, 0.5, 1.5, 1.5 ] }
					}
				},
				{
					"name": "term3_1",
					"from": [ 0.0, 2.2, 0.0 ],
					"to": [ 2.0, 2.7, 2.0 ],
					"rotationOrigin": [ 1.0, 1.0, 1.0 ],
					"faces": {
						"north": { "texture": "#terminal", "uv": [ 0.0, 0.0, 2.0, 0.5 ] },
						"east": { "texture": "#terminal", "uv": [ 0.0, 0.0, 2.0, 0.5 ] },
						"south": { "texture": "#terminal", "uv": [ 0.0, 0.0, 2.0, 0.5 ] },
						"west": { "texture": "#terminal", "uv": [ 0.0, 0.0, 2.0, 0.5 ] },
						"up": { "texture": "#terminal", "uv": [ 2.0, 2.0, 4.0, 4.0 ] },
						"down": { "texture": "#terminal", "uv": [ 2.0, 2.0, 4.0, 4.0 ] }
					}
				}
			]
		},
		{
			"name": "wires",
			"from": [ 23.5, 1.0, 7.5 ],
			"to": [ 23.5, 1.0, 7.5 ],
			"rotationOrigin": [ 13.0, 1.0, 7.5 ],
			"faces": {
				"north": { "texture": "#aged-ceramic2", "uv": [ 0.0, 0.0, 0.5, 0.5 ] },
				"east": { "texture": "#aged-ceramic2", "uv": [ 0.0, 0.0, 0.5, 0.5 ] },
				"south": { "texture": "#aged-ceramic2", "uv": [ 0.0, 0.0, 0.5, 0.5 ] },
				"west": { "texture": "#aged-ceramic2", "uv": [ 0.0, 0.0, 0.5, 0.5 ] },
				"up": { "texture": "#aged-ceramic2", "uv": [ 0.0, 0.0, 0.5, 0.5 ] },
				"down": { "texture": "#aged-ceramic2", "uv": [ 0.0, 0.0, 0.5, 0.5 ] }
			},
			"children": [
				{
					"name": "Cube4",
					"from": [ -13.5, 0.0, 0.5 ],
					"to": [ -9.3, 0.5, 1.0 ],
					"rotationOrigin": [ -10.5, 0.0, 0.5 ],
					"faces": {
						"north": { "texture": "#aged-ceramic2", "uv": [ 7.0, 6.0, 11.0, 6.5 ] },
						"east": { "texture": "#aged-ceramic2", "uv": [ 4.0, 5.0, 4.5, 5.5 ] },
						"south": { "texture": "#aged-ceramic2", "uv": [ 7.0, 3.0, 11.0, 3.5 ] },
						"west": { "texture": "#aged-ceramic2", "uv": [ 4.0, 5.0, 4.5, 5.5 ] },
						"up": { "texture": "#aged-ceramic2", "uv": [ 5.5, 3.5, 9.5, 4.0 ] },
						"down": { "texture": "#aged-ceramic2", "uv": [ 0.0, 0.0, 4.0, 0.5 ] }
					}
				},
				{
					"name": "Cube5",
					"from": [ -15.7, 0.0, 3.0 ],
					"to": [ -15.2, 0.5, 6.0 ],
					"rotationOrigin": [ -15.2, 0.0, 3.0 ],
					"faces": {
						"north": { "texture": "#aged-ceramic2", "uv": [ 0.0, 0.0, 0.5, 0.5 ] },
						"east": { "texture": "#aged-ceramic2", "uv": [ 4.0, 5.5, 7.0, 6.0 ] },
						"south": { "texture": "#aged-ceramic2", "uv": [ 4.0, 4.5, 4.5, 5.0 ] },
						"west": { "texture": "#aged-ceramic2", "uv": [ 0.0, 0.0, 3.0, 0.5 ] },
						"up": { "texture": "#aged-ceramic2", "uv": [ 6.5, 3.5, 7.0, 6.5 ] },
						"down": { "texture": "#aged-ceramic2", "uv": [ 8.5, 4.0, 9.0, 7.0 ] }
					}
				},
				{
					"name": "Cube6",
					"from": [ -13.6, 0.0, 2.0 ],
					"to": [ -12.2, 0.5, 2.5 ],
					"rotationOrigin": [ -12.1, 0.0, 1.0 ],
					"faces": {
						"north": { "texture": "#aged-ceramic2", "uv": [ 4.0, 5.5, 5.0, 6.0 ] },
						"east": { "texture": "#aged-ceramic2", "uv": [ 2.5, 5.0, 3.0, 5.5 ] },
						"south": { "texture": "#aged-ceramic2", "uv": [ 9.0, 9.5, 10.0, 10.0 ] },
						"west": { "texture": "#aged-ceramic2", "uv": [ 4.5, 5.0, 5.0, 5.5 ] },
						"up": { "texture": "#aged-ceramic2", "uv": [ 5.5, 4.0, 6.5, 4.5 ] },
						"down": { "texture": "#aged-ceramic2", "uv": [ 8.5, 5.5, 9.5, 6.0 ] }
					}
				},
				{
					"name": "Cube7",
					"from": [ -12.7, 0.01, 2.5 ],
					"to": [ -12.2, 0.51, 6.2 ],
					"rotationOrigin": [ -12.2, 0.0, 2.5 ],
					"faces": {
						"north": { "texture": "#aged-ceramic2", "uv": [ 7.0, 7.5, 7.5, 8.0 ] },
						"east": { "texture": "#aged-ceramic2", "uv": [ 4.5, 7.0, 8.0, 7.5 ] },
						"south": { "texture": "#aged-ceramic2", "uv": [ 4.5, 6.0, 5.0, 6.5 ] },
						"west": { "texture": "#aged-ceramic2", "uv": [ 3.5, 5.5, 7.0, 6.0 ] },
						"up": { "texture": "#aged-ceramic2", "uv": [ 6.0, 5.0, 6.5, 8.5 ] },
						"down": { "texture": "#aged-ceramic2", "uv": [ 0.0, 0.0, 0.5, 3.5 ] }
					}
				},
				{
					"name": "Cube8",
					"from": [ -9.8, 0.0, 1.0 ],
					"to": [ -9.3, 0.5, 5.5 ],
					"rotationOrigin": [ -9.3, 0.0, 1.0 ],
					"faces": {
						"north": { "texture": "#aged-ceramic2", "uv": [ 0.0, 0.0, 0.5, 0.5 ] },
						"east": { "texture": "#aged-ceramic2", "uv": [ 0.0, 0.0, 4.5, 0.5 ] },
						"south": { "texture": "#aged-ceramic2", "uv": [ 0.0, 0.0, 0.5, 0.5 ] },
						"west": { "texture": "#aged-ceramic2", "uv": [ 0.0, 0.0, 4.5, 0.5 ] },
						"up": { "texture": "#aged-ceramic2", "uv": [ 0.0, 0.0, 0.5, 4.5 ] },
						"down": { "texture": "#aged-ceramic2", "uv": [ 0.0, 0.0, 0.5, 4.5 ] }
					}
				},
				{
					"name": "Cube10",
					"from": [ -21.0, 0.0, 1.2 ],
					"to": [ -18.0, 0.5, 1.7 ],
					"rotationOrigin": [ -22.0, 0.0, 1.2 ],
					"faces": {
						"north": { "texture": "#aged-ceramic2", "uv": [ 7.0, 6.0, 10.0, 6.5 ] },
						"east": { "texture": "#aged-ceramic2", "uv": [ 4.0, 5.0, 4.5, 5.5 ] },
						"south": { "texture": "#aged-ceramic2", "uv": [ 7.0, 3.0, 10.0, 3.5 ] },
						"west": { "texture": "#aged-ceramic2", "uv": [ 4.0, 5.0, 4.5, 5.5 ] },
						"up": { "texture": "#aged-ceramic2", "uv": [ 5.5, 3.5, 8.5, 4.0 ] },
						"down": { "texture": "#aged-ceramic2", "uv": [ 0.0, 0.0, 3.0, 0.5 ] }
					}
				},
				{
					"name": "Cube11",
					"from": [ -18.9, 0.0, 4.5 ],
					"to": [ -18.4, 0.5, 5.9 ],
					"rotationOrigin": [ -19.4, 0.0, 4.5 ],
					"faces": {
						"north": { "texture": "#aged-ceramic2", "uv": [ 0.0, 0.0, 0.5, 0.5 ] },
						"east": { "texture": "#aged-ceramic2", "uv": [ 0.0, 0.0, 1.0, 0.5 ] },
						"south": { "texture": "#aged-ceramic2", "uv": [ 0.0, 0.0, 0.5, 0.5 ] },
						"west": { "texture": "#aged-ceramic2", "uv": [ 0.0, 0.0, 1.0, 0.5 ] },
						"up": { "texture": "#aged-ceramic2", "uv": [ 0.0, 0.0, 0.5, 1.0 ] },
						"down": { "texture": "#aged-ceramic2", "uv": [ 0.0, 0.0, 0.5, 1.0 ] }
					}
				},
				{
					"name": "Cube12",
					"from": [ -20.0, 0.0, 2.5 ],
					"to": [ -17.9, 0.5, 3.0 ],
					"rotationOrigin": [ -17.5, 0.0, 2.5 ],
					"faces": {
						"north": { "texture": "#aged-ceramic2", "uv": [ 4.0, 5.5, 6.0, 6.0 ] },
						"east": { "texture": "#aged-ceramic2", "uv": [ 2.5, 5.0, 3.0, 5.5 ] },
						"south": { "texture": "#aged-ceramic2", "uv": [ 9.0, 9.5, 11.0, 10.0 ] },
						"west": { "texture": "#aged-ceramic2", "uv": [ 4.5, 5.0, 5.0, 5.5 ] },
						"up": { "texture": "#aged-ceramic2", "uv": [ 5.5, 4.0, 7.5, 4.5 ] },
						"down": { "texture": "#aged-ceramic2", "uv": [ 8.5, 5.5, 10.5, 6.0 ] }
					}
				},
				{
					"name": "Cube14",
					"from": [ -17.5, 0.0, 3.4 ],
					"to": [ -17.0, 0.5, 4.8 ],
					"rotationOrigin": [ -18.0, 0.0, 3.4 ],
					"faces": {
						"north": { "texture": "#aged-ceramic2", "uv": [ 0.0, 0.0, 0.5, 0.5 ] },
						"east": { "texture": "#aged-ceramic2", "uv": [ 0.0, 0.0, 1.0, 0.5 ] },
						"south": { "texture": "#aged-ceramic2", "uv": [ 0.0, 0.0, 0.5, 0.5 ] },
						"west": { "texture": "#aged-ceramic2", "uv": [ 0.0, 0.0, 1.0, 0.5 ] },
						"up": { "texture": "#aged-ceramic2", "uv": [ 0.0, 0.0, 0.5, 1.0 ] },
						"down": { "texture": "#aged-ceramic2", "uv": [ 0.0, 0.0, 0.5, 1.0 ] }
					}
				},
				{
					"name": "Cube15",
					"from": [ -18.9, 0.0, 4.3 ],
					"to": [ -17.5, 0.5, 4.8 ],
					"rotationOrigin": [ -19.4, 0.0, 4.3 ],
					"faces": {
						"north": { "texture": "#aged-ceramic2", "uv": [ 0.0, 0.0, 1.0, 0.5 ] },
						"east": { "texture": "#aged-ceramic2", "uv": [ 0.0, 0.0, 0.5, 0.5 ] },
						"south": { "texture": "#aged-ceramic2", "uv": [ 0.0, 0.0, 1.0, 0.5 ] },
						"west": { "texture": "#aged-ceramic2", "uv": [ 0.0, 0.0, 0.5, 0.5 ] },
						"up": { "texture": "#aged-ceramic2", "uv": [ 0.0, 0.0, 1.0, 0.5 ] },
						"down": { "texture": "#aged-ceramic2", "uv": [ 0.0, 0.0, 1.0, 0.5 ] }
					}
				},
				{
					"name": "Cube16",
					"from": [ -20.0, 0.0, 2.5 ],
					"to": [ -19.5, 0.5, 4.3 ],
					"rotationOrigin": [ -17.5, 0.0, 2.5 ],
					"faces": {
						"north": { "texture": "#aged-ceramic2", "uv": [ 4.0, 5.5, 4.5, 6.0 ] },
						"east": { "texture": "#aged-ceramic2", "uv": [ 2.5, 5.0, 4.0, 5.5 ] },
						"south": { "texture": "#aged-ceramic2", "uv": [ 9.0, 9.5, 9.5, 10.0 ] },
						"west": { "texture": "#aged-ceramic2", "uv": [ 4.5, 5.0, 6.0, 5.5 ] },
						"up": { "texture": "#aged-ceramic2", "uv": [ 5.5, 4.0, 6.0, 5.5 ] },
						"down": { "texture": "#aged-ceramic2", "uv": [ 8.5, 5.5, 9.0, 7.0 ] }
					}
				},
				{
					"name": "Cube17",
					"from": [ -20.9, 0.0, 4.3 ],
					"to": [ -19.5, 0.5, 4.8 ],
					"rotationOrigin": [ -21.4, 0.0, 4.3 ],
					"faces": {
						"north": { "texture": "#aged-ceramic2", "uv": [ 0.0, 0.0, 1.0, 0.5 ] },
						"east": { "texture": "#aged-ceramic2", "uv": [ 0.0, 0.0, 0.5, 0.5 ] },
						"south": { "texture": "#aged-ceramic2", "uv": [ 0.0, 0.0, 1.0, 0.5 ] },
						"west": { "texture": "#aged-ceramic2", "uv": [ 0.0, 0.0, 0.5, 0.5 ] },
						"up": { "texture": "#aged-ceramic2", "uv": [ 0.0, 0.0, 1.0, 0.5 ] },
						"down": { "texture": "#aged-ceramic2", "uv": [ 0.0, 0.0, 1.0, 0.5 ] }
					}
				},
				{
					"name": "Cube18",
					"from": [ -21.0, 0.0, -1.8 ],
					"to": [ -19.5, 0.5, -1.3 ],
					"rotationOrigin": [ -22.0, 0.0, -1.8 ],
					"faces": {
						"north": { "texture": "#aged-ceramic2", "uv": [ 7.0, 6.0, 8.5, 6.5 ] },
						"east": { "texture": "#aged-ceramic2", "uv": [ 4.0, 5.0, 4.5, 5.5 ] },
						"south": { "texture": "#aged-ceramic2", "uv": [ 7.0, 3.0, 8.5, 3.5 ] },
						"west": { "texture": "#aged-ceramic2", "uv": [ 4.0, 5.0, 4.5, 5.5 ] },
						"up": { "texture": "#aged-ceramic2", "uv": [ 5.5, 3.5, 7.0, 4.0 ] },
						"down": { "texture": "#aged-ceramic2", "uv": [ 0.0, 0.0, 1.5, 0.5 ] }
					}
				},
				{
					"name": "Cube19",
					"from": [ -20.0, 0.0, -1.3 ],
					"to": [ -19.5, 0.5, 0.0 ],
					"rotationOrigin": [ -17.5, 0.0, -1.3 ],
					"faces": {
						"north": { "texture": "#aged-ceramic2", "uv": [ 4.0, 5.5, 4.5, 6.0 ] },
						"east": { "texture": "#aged-ceramic2", "uv": [ 2.5, 5.0, 3.5, 5.5 ] },
						"south": { "texture": "#aged-ceramic2", "uv": [ 9.0, 9.5, 9.5, 10.0 ] },
						"west": { "texture": "#aged-ceramic2", "uv": [ 4.5, 5.0, 5.5, 5.5 ] },
						"up": { "texture": "#aged-ceramic2", "uv": [ 5.5, 4.0, 6.0, 5.0 ] },
						"down": { "texture": "#aged-ceramic2", "uv": [ 8.5, 5.5, 9.0, 6.5 ] }
					}
				},
				{
					"name": "Cube20",
					"from": [ -20.0, 0.0, 0.0 ],
					"to": [ -17.9, 0.5, 0.5 ],
					"rotationOrigin": [ -17.5, 0.0, 0.0 ],
					"faces": {
						"north": { "texture": "#aged-ceramic2", "uv": [ 4.0, 5.5, 6.0, 6.0 ] },
						"east": { "texture": "#aged-ceramic2", "uv": [ 2.5, 5.0, 3.0, 5.5 ] },
						"south": { "texture": "#aged-ceramic2", "uv": [ 9.0, 9.5, 11.0, 10.0 ] },
						"west": { "texture": "#aged-ceramic2", "uv": [ 4.5, 5.0, 5.0, 5.5 ] },
						"up": { "texture": "#aged-ceramic2", "uv": [ 5.5, 4.0, 7.5, 4.5 ] },
						"down": { "texture": "#aged-ceramic2", "uv": [ 8.5, 5.5, 10.5, 6.0 ] }
					}
				},
				{
					"name": "Cube21",
					"from": [ -20.9, 0.0, -4.7 ],
					"to": [ -17.0, 0.5, -4.2 ],
					"rotationOrigin": [ -18.4, 0.0, -4.7 ],
					"faces": {
						"north": { "texture": "#aged-ceramic2", "uv": [ 4.0, 5.5, 7.5, 6.0 ] },
						"east": { "texture": "#aged-ceramic2", "uv": [ 2.5, 5.0, 3.0, 5.5 ] },
						"south": { "texture": "#aged-ceramic2", "uv": [ 9.0, 9.5, 12.5, 10.0 ] },
						"west": { "texture": "#aged-ceramic2", "uv": [ 4.5, 5.0, 5.0, 5.5 ] },
						"up": { "texture": "#aged-ceramic2", "uv": [ 5.5, 4.0, 9.0, 4.5 ] },
						"down": { "texture": "#aged-ceramic2", "uv": [ 8.5, 5.5, 12.0, 6.0 ] }
					}
				},
				{
					"name": "Cube22",
					"from": [ -17.5, 0.0, -4.2 ],
					"to": [ -17.0, 0.5, -1.1 ],
					"rotationOrigin": [ -15.0, 0.0, -4.2 ],
					"faces": {
						"north": { "texture": "#aged-ceramic2", "uv": [ 4.0, 5.5, 4.5, 6.0 ] },
						"east": { "texture": "#aged-ceramic2", "uv": [ 2.5, 5.0, 5.5, 5.5 ] },
						"south": { "texture": "#aged-ceramic2", "uv": [ 9.0, 9.5, 9.5, 10.0 ] },
						"west": { "texture": "#aged-ceramic2", "uv": [ 4.5, 5.0, 7.5, 5.5 ] },
						"up": { "texture": "#aged-ceramic2", "uv": [ 5.5, 4.0, 6.0, 7.0 ] },
						"down": { "texture": "#aged-ceramic2", "uv": [ 8.5, 5.5, 9.0, 8.5 ] }
					}
				}
			]
		},
		{
			"name": "z",
			"from": [ 7.0, 1.0, 13.0 ],
			"to": [ 9.0, 3.0, 15.0 ],
			"rotationOrigin": [ 16.1, 0.0, 11.0 ],
			"faces": {
				"north": { "texture": "#terminal", "uv": [ 7.0, 14.0, 9.0, 16.0 ] },
				"east": { "texture": "#terminal", "uv": [ 7.0, 14.0, 9.0, 16.0 ] },
				"south": { "texture": "#terminal", "uv": [ 7.0, 14.0, 9.0, 16.0 ] },
				"west": { "texture": "#terminal", "uv": [ 7.0, 14.0, 9.0, 16.0 ] },
				"up": { "texture": "#terminal", "uv": [ 7.0, 7.0, 9.0, 9.0 ] },
				"down": { "texture": "#terminal", "uv": [ 7.0, 7.0, 9.0, 9.0 ] }
			},
			"children": [
				{
					"name": "term2_2",
					"from": [ 0.5, 2.0, 0.5 ],
					"to": [ 1.5, 3.0, 1.5 ],
					"rotationOrigin": [ 2.0, 2.0, 0.0 ],
					"faces": {
						"north": { "texture": "#terminal", "uv": [ 2.0, 1.0, 3.0, 2.0 ] },
						"east": { "texture": "#terminal", "uv": [ 2.0, 1.0, 3.0, 2.0 ] },
						"south": { "texture": "#terminal", "uv": [ 2.0, 1.0, 3.0, 2.0 ] },
						"west": { "texture": "#terminal", "uv": [ 2.0, 1.0, 3.0, 2.0 ] },
						"up": { "texture": "#rustycolored", "uv": [ 2.0, 3.0, 3.0, 4.0 ] },
						"down": { "texture": "#terminal", "uv": [ 0.5, 0.5, 1.5, 1.5 ] }
					}
				},
				{
					"name": "term3_2",
					"from": [ 0.0, 2.2, 0.0 ],
					"to": [ 2.0, 2.7, 2.0 ],
					"rotationOrigin": [ 1.0, 1.0, 1.0 ],
					"faces": {
						"north": { "texture": "#terminal", "uv": [ 0.0, 0.0, 2.0, 0.5 ] },
						"east": { "texture": "#terminal", "uv": [ 0.0, 0.0, 2.0, 0.5 ] },
						"south": { "texture": "#terminal", "uv": [ 0.0, 0.0, 2.0, 0.5 ] },
						"west": { "texture": "#terminal", "uv": [ 0.0, 0.0, 2.0, 0.5 ] },
						"up": { "texture": "#terminal", "uv": [ 2.0, 2.0, 4.0, 4.0 ] },
						"down": { "texture": "#terminal", "uv": [ 2.0, 2.0, 4.0, 4.0 ] }
					}
				}
			]
		},
		{
			"name": "input",
			"from": [ 4.0, 1.0, 13.0 ],
			"to": [ 6.0, 3.0, 15.0 ],
			"rotationOrigin": [ 13.1, 0.0, 11.0 ],
			"faces": {
				"north": { "texture": "#terminal", "uv": [ 7.0, 14.0, 9.0, 16.0 ] },
				"east": { "texture": "#terminal", "uv": [ 7.0, 14.0, 9.0, 16.0 ] },
				"south": { "texture": "#terminal", "uv": [ 7.0, 14.0, 9.0, 16.0 ] },
				"west": { "texture": "#terminal", "uv": [ 7.0, 14.0, 9.0, 16.0 ] },
				"up": { "texture": "#terminal", "uv": [ 7.0, 7.0, 9.0, 9.0 ] },
				"down": { "texture": "#terminal", "uv": [ 7.0, 7.0, 9.0, 9.0 ] }
			},
			"children": [
				{
					"name": "term2_3",
					"from": [ 0.5, 2.0, 0.5 ],
					"to": [ 1.5, 3.0, 1.5 ],
					"rotationOrigin": [ 2.0, 2.0, 0.0 ],
					"faces": {
						"north": { "texture": "#terminal", "uv": [ 2.0, 1.0, 3.0, 2.0 ] },
						"east": { "texture": "#terminal", "uv": [ 2.0, 1.0, 3.0, 2.0 ] },
						"south": { "texture": "#terminal", "uv": [ 2.0, 1.0, 3.0, 2.0 ] },
						"west": { "texture": "#terminal", "uv": [ 2.0, 1.0, 3.0, 2.0 ] },
						"up": { "texture": "#rustycolored", "uv": [ 8.0, 2.0, 9.0, 3.0 ] },
						"down": { "texture": "#terminal", "uv": [ 0.5, 0.5, 1.5, 1.5 ] }
					}
				},
				{
					"name": "term3_3",
					"from": [ 0.0, 2.2, 0.0 ],
					"to": [ 2.0, 2.7, 2.0 ],
					"rotationOrigin": [ 1.0, 1.0, 1.0 ],
					"faces": {
						"north": { "texture": "#terminal", "uv": [ 0.0, 0.0, 2.0, 0.5 ] },
						"east": { "texture": "#terminal", "uv": [ 0.0, 0.0, 2.0, 0.5 ] },
						"south": { "texture": "#terminal", "uv": [ 0.0, 0.0, 2.0, 0.5 ] },
						"west": { "texture": "#terminal", "uv": [ 0.0, 0.0, 2.0, 0.5 ] },
						"up": { "texture": "#terminal", "uv": [ 2.0, 2.0, 4.0, 4.0 ] },
						"down": { "texture": "#terminal", "uv": [ 2.0, 2.0, 4.0, 4.0 ] }
					}
				}
			]
		},
		{
			"name": "kind",
			"from": [ 1.0, 1.0, 2.0 ],
			"to": [ 3.0, 3.0, 4.0 ],
			"rotationOrigin": [ 10.1, 0.0, 0.0 ],
			"faces": {
				"north": { "texture": "#terminal", "uv": [ 7.0, 14.0, 9.0, 16.0 ] },
				"east": { "texture": "#terminal", "uv": [ 7.0, 14.0, 9.0, 16.0 ] },
				"south": { "texture": "#terminal", "uv": [ 7.0, 14.0, 9.0, 16.0 ] },
				"west": { "texture": "#terminal", "uv": [ 7.0, 14.0, 9.0, 16.0 ] },
				"up": { "texture": "#terminal", "uv": [ 7.0, 7.0, 9.0, 9.0 ] },
				"down": { "texture": "#terminal", "uv": [ 7.0, 7.0, 9.0, 9.0 ] }
			},
			"children": [
				{
					"name": "term2_4",
					"from": [ 0.5, 2.0, 0.5 ],
					"to": [ 1.5, 3.0, 1.5 ],
					"rotationOrigin": [ 2.0, 2.0, 0.0 ],
					"faces": {
						"north": { "texture": "#terminal", "uv": [ 2.0, 1.0, 3.0, 2.0 ] },
						"east": { "texture": "#terminal", "uv": [ 2.0, 1.0, 3.0, 2.0 ] },
						"south": { "texture": "#terminal", "uv": [ 2.0, 1.0, 3.0, 2.0 ] },
						"west": { "texture": "#terminal", "uv": [ 2.0, 1.0, 3.0, 2.0 ] },
						"up": { "texture": "#rustycolored", "uv": [ 3.0, 10.0, 4.0, 11.0 ], "windMode": [-1,-1,-1,-1] },
						"down": { "texture": "#terminal", "uv": [ 0.5, 0.5, 1.5, 1.5 ] }
					}
				},
				{
					"name": "term3_4",
					"from": [ 0.0, 2.2, 0.0 ],
					"to": [ 2.0, 2.7, 2.0 ],
					"rotationOrigin": [ 1.0, 1.0, 1.0 ],
					"faces": {
						"north": { "texture": "#terminal", "uv": [ 0.0, 0.0, 2.0, 0.5 ] },
						"east": { "texture": "#terminal", "uv": [ 0.0, 0.0, 2.0, 0.5 ] },
						"south": { "texture": "#terminal", "uv": [ 0.0, 0.0, 2.0, 0.5 ] },
						"west": { "texture": "#terminal", "uv": [ 0.0, 0.0, 2.0, 0.5 ] },
						"up": { "texture": "#terminal", "uv": [ 2.0, 2.0, 4.0, 4.0 ] },
						"down": { "texture": "#terminal", "uv": [ 2.0, 2.0, 4.0, 4.0 ] }
					}
				}
			]
		},
		{
			"name": "tags",
			"from": [ 1.0, 1.0, 5.0 ],
			"to": [ 3.0, 3.0, 7.0 ],
			"rotationOrigin": [ 10.1, 0.0, 3.0 ],
			"faces": {
				"north": { "texture": "#terminal", "uv": [ 7.0, 14.0, 9.0, 16.0 ] },
				"east": { "texture": "#terminal", "uv": [ 7.0, 14.0, 9.0, 16.0 ] },
				"south": { "texture": "#terminal", "uv": [ 7.0, 14.0, 9.0, 16.0 ] },
				"west": { "texture": "#terminal", "uv": [ 7.0, 14.0, 9.0, 16.0 ] },
				"up": { "texture": "#terminal", "uv": [ 7.0, 7.0, 9.0, 9.0 ] },
				"down": { "texture": "#terminal", "uv": [ 7.0, 7.0, 9.0, 9.0 ] }
			},
			"children": [
				{
					"name": "term2_5",
					"from": [ 0.5, 2.0, 0.5 ],
					"to": [ 1.5, 3.0, 1.5 ],
					"rotationOrigin": [ 2.0, 2.0, 0.0 ],
					"faces": {
						"north": { "texture": "#terminal", "uv": [ 2.0, 1.0, 3.0, 2.0 ] },
						"east": { "texture": "#terminal", "uv": [ 2.0, 1.0, 3.0, 2.0 ] },
						"south": { "texture": "#terminal", "uv": [ 2.0, 1.0, 3.0, 2.0 ] },
						"west": { "texture": "#terminal", "uv": [ 2.0, 1.0, 3.0, 2.0 ] },
						"up": { "texture": "#rustycolored", "uv": [ 3.0, 10.5, 4.0, 11.5 ] },
						"down": { "texture": "#terminal", "uv": [ 0.5, 0.5, 1.5, 1.5 ] }
					}
				},
				{
					"name": "term3_5",
					"from": [ 0.0, 2.2, 0.0 ],
					"to": [ 2.0, 2.7, 2.0 ],
					"rotationOrigin": [ 1.0, 1.0, 1.0 ],
					"faces": {
						"north": { "texture": "#terminal", "uv": [ 0.0, 0.0, 2.0, 0.5 ] },
						"east": { "texture": "#terminal", "uv": [ 0.0, 0.0, 2.0, 0.5 ] },
						"south": { "texture": "#terminal", "uv": [ 0.0, 0.0, 2.0, 0.5 ] },
						"west": { "texture": "#terminal", "uv": [ 0.0, 0.0, 2.0, 0.5 ] },
						"up": { "texture": "#terminal", "uv": [ 2.0, 2.0, 4.0, 4.0 ] },
						"down": { "texture": "#terminal", "uv": [ 2.0, 2.0, 4.0, 4.0 ] }
					}
				}
			]
		},
		{
			"name": "who",
			"from": [ 1.0, 1.0, 8.0 ],
			"to": [ 3.0, 3.0, 10.0 ],
			"rotationOrigin": [ 10.1, 0.0, 6.0 ],
			"faces": {
				"north": { "texture": "#terminal", "uv": [ 7.0, 14.0, 9.0, 16.0 ] },
				"east": { "texture": "#terminal", "uv": [ 7.0, 14.0, 9.0, 16.0 ] },
				"south": { "texture": "#terminal", "uv": [ 7.0, 14.0, 9.0, 16.0 ] },
				"west": { "texture": "#terminal", "uv": [ 7.0, 14.0, 9.0, 16.0 ] },
				"up": { "texture": "#terminal", "uv": [ 7.0, 7.0, 9.0, 9.0 ] },
				"down": { "texture": "#terminal", "uv": [ 7.0, 7.0, 9.0, 9.0 ] }
			},
			"children": [
				{
					"name": "term2_6",
					"from": [ 0.5, 2.0, 0.5 ],
					"to": [ 1.5, 3.0, 1.5 ],
					"rotationOrigin": [ 2.0, 2.0, 0.0 ],
					"faces": {
						"north": { "texture": "#terminal", "uv": [ 2.0, 1.0, 3.0, 2.0 ] },
						"east": { "texture": "#terminal", "uv": [ 2.0, 1.0, 3.0, 2.0 ] },
						"south": { "texture": "#terminal", "uv": [ 2.0, 1.0, 3.0, 2.0 ] },
						"west": { "texture": "#terminal", "uv": [ 2.0, 1.0, 3.0, 2.0 ] },
						"up": { "texture": "#rustycolored", "uv": [ 2.0, 3.0, 3.0, 4.0 ] },
						"down": { "texture": "#terminal", "uv": [ 0.5, 0.5, 1.5, 1.5 ] }
					}
				},
				{
					"name": "term3_6",
					"from": [ 0.0, 2.2, 0.0 ],
					"to": [ 2.0, 2.7, 2.0 ],
					"rotationOrigin": [ 1.0, 1.0, 1.0 ],
					"faces": {
						"north": { "texture": "#terminal", "uv": [ 0.0, 0.0, 2.0, 0.5 ] },
						"east": { "texture": "#terminal", "uv": [ 0.0, 0.0, 2.0, 0.5 ] },
						"south": { "texture": "#terminal", "uv": [ 0.0, 0.0, 2.0, 0.5 ] },
						"west": { "texture": "#terminal", "uv": [ 0.0, 0.0, 2.0, 0.5 ] },
						"up": { "texture": "#terminal", "uv": [ 2.0, 2.0, 4.0, 4.0 ] },
						"down": { "texture": "#terminal", "uv": [ 2.0, 2.0, 4.0, 4.0 ] }
					}
				}
			]
		},
		{
			"name": "numbers",
			"from": [ 1.0, 1.0, 11.0 ],
			"to": [ 3.0, 3.0, 13.0 ],
			"rotationOrigin": [ 10.1, 0.0, 9.0 ],
			"faces": {
				"north": { "texture": "#terminal", "uv": [ 7.0, 14.0, 9.0, 16.0 ] },
				"east": { "texture": "#terminal", "uv": [ 7.0, 14.0, 9.0, 16.0 ] },
				"south": { "texture": "#terminal", "uv": [ 7.0, 14.0, 9.0, 16.0 ] },
				"west": { "texture": "#terminal", "uv": [ 7.0, 14.0, 9.0, 16.0 ] },
				"up": { "texture": "#terminal", "uv": [ 7.0, 7.0, 9.0, 9.0 ] },
				"down": { "texture": "#terminal", "uv": [ 7.0, 7.0, 9.0, 9.0 ] }
			},
			"children": [
				{
					"name": "term2_7",
					"from": [ 0.5, 2.0, 0.5 ],
					"to": [ 1.5, 3.0, 1.5 ],
					"rotationOrigin": [ 2.0, 2.0, 0.0 ],
					"faces": {
						"north": { "texture": "#terminal", "uv": [ 2.0, 1.0, 3.0, 2.0 ] },
						"east": { "texture": "#terminal", "uv": [ 2.0, 1.0, 3.0, 2.0 ] },
						"south": { "texture": "#terminal", "uv": [ 2.0, 1.0, 3.0, 2.0 ] },
						"west": { "texture": "#terminal", "uv": [ 2.0, 1.0, 3.0, 2.0 ] },
						"up": { "texture": "#rustycolored", "uv": [ 3.0, 1.0, 4.0, 2.0 ] },
						"down": { "texture": "#terminal", "uv": [ 0.5, 0.5, 1.5, 1.5 ] }
					}
				},
				{
					"name": "term3_7",
					"from": [ 0.0, 2.2, 0.0 ],
					"to": [ 2.0, 2.7, 2.0 ],
					"rotationOrigin": [ 1.0, 1.0, 1.0 ],
					"faces": {
						"north": { "texture": "#terminal", "uv": [ 0.0, 0.0, 2.0, 0.5 ] },
						"east": { "texture": "#terminal", "uv": [ 0.0, 0.0, 2.0, 0.5 ] },
						"south": { "texture": "#terminal", "uv": [ 0.0, 0.0, 2.0, 0.5 ] },
						"west": { "texture": "#terminal", "uv": [ 0.0, 0.0, 2.0, 0.5 ] },
						"up": { "texture": "#terminal", "uv": [ 2.0, 2.0, 4.0, 4.0 ] },
						"down": { "texture": "#terminal", "uv": [ 2.0, 2.0, 4.0, 4.0 ] }
					}
				}
			]
		}
	]}