{
	"editor": {
		"collapsedPaths": ",Root/stand/ribs",
		"allAngles": false,
		"entityTextureMode": false
	},
	"textureWidth": 16,
	"textureHeight": 16,
	"textureSizes": {
		"oak": [16,16],
		"copper": [16,16],
		"brass": [16,16],
		"kapok": [16,16],
		"iron": [16,16],
		"bismuthbronze": [16,16],
		"rustyglow": [16,16],
		"statictranslocator_glass": [16,16],
		"normal3": [16,16],
		"tech-powergeneratormain": [16,16],
		"col33": [16,16],
		"col43": [16,16]
	},
	"textures": {
		"bismuthbronze": "block/bismuthbronze",
		"col43": "block/col43",
		"copper": "block/copper",
		"iron": "block/iron",
		"normal3": "block/normal3",
		"oak": "block/oak",
		"rustyglow": "block/rustyglow",
		"tech-powergeneratormain": "block/tech-powergeneratormain"
	},
	"elements": [
		{
			"name": "terminal_0",
			"from": [ 7.0, 7.0, 12.0 ],
			"to": [ 9.0, 9.0, 14.0 ],
			"rotationOrigin": [ 16.0, 6.0, 10.0 ],
			"faces": {
				"north": { "texture": "#normal3", "uv": [ 7.0, 14.0, 9.0, 16.0 ] },
				"east": { "texture": "#normal3", "uv": [ 7.0, 14.0, 9.0, 16.0 ] },
				"south": { "texture": "#normal3", "uv": [ 7.0, 14.0, 9.0, 16.0 ] },
				"west": { "texture": "#normal3", "uv": [ 7.0, 14.0, 9.0, 16.0 ] },
				"up": { "texture": "#normal3", "uv": [ 7.0, 7.0, 9.0, 9.0 ] },
				"down": { "texture": "#normal3", "uv": [ 7.0, 7.0, 9.0, 9.0 ] }
			},
			"children": [
				{
					"name": "term2_0",
					"from": [ 0.5, 2.0, 0.5 ],
					"to": [ 1.5, 3.0, 1.5 ],
					"rotationOrigin": [ 2.0, 2.0, 0.0 ],
					"faces": {
						"north": { "texture": "#normal3", "uv": [ 2.0, 1.0, 3.0, 2.0 ] },
						"east": { "texture": "#normal3", "uv": [ 2.0, 1.0, 3.0, 2.0 ] },
						"south": { "texture": "#normal3", "uv": [ 2.0, 1.0, 3.0, 2.0 ] },
						"west": { "texture": "#normal3", "uv": [ 2.0, 1.0, 3.0, 2.0 ] },
						"up": { "texture": "#normal3", "uv": [ 0.5, 0.5, 1.5, 1.5 ] },
						"down": { "texture": "#normal3", "uv": [ 0.5, 0.5, 1.5, 1.5 ] }
					}
				},
				{
					"name": "term3_0",
					"from": [ 0.0, 2.2, 0.0 ],
					"to": [ 2.0, 2.7, 2.0 ],
					"rotationOrigin": [ 1.0, 1.0, 1.0 ],
					"faces": {
						"north": { "texture": "#normal3", "uv": [ 0.0, 0.0, 2.0, 0.5 ] },
						"east": { "texture": "#normal3", "uv": [ 0.0, 0.0, 2.0, 0.5 ] },
						"south": { "texture": "#normal3", "uv": [ 0.0, 0.0, 2.0, 0.5 ] },
						"west": { "texture": "#normal3", "uv": [ 0.0, 0.0, 2.0, 0.5 ] },
						"up": { "texture": "#normal3", "uv": [ 2.0, 2.0, 4.0, 4.0 ] },
						"down": { "texture": "#normal3", "uv": [ 2.0, 2.0, 4.0, 4.0 ] }
					}
				}
			]
		},
		{
			"name": "contacts",
			"from": [ 0.0, 0.0, 0.0 ],
			"to": [ 0.0, 0.0, 0.0 ],
			"faces": {
				"north": { "texture": "#copper", "uv": [ 0.0, 0.0, 0.5, 0.5 ] },
				"east": { "texture": "#copper", "uv": [ 0.0, 0.0, 0.5, 0.5 ] },
				"south": { "texture": "#copper", "uv": [ 0.0, 0.0, 0.5, 0.5 ] },
				"west": { "texture": "#copper", "uv": [ 0.0, 0.0, 0.5, 0.5 ] },
				"up": { "texture": "#copper", "uv": [ 0.0, 0.0, 0.5, 0.5 ] },
				"down": { "texture": "#copper", "uv": [ 0.0, 0.0, 0.5, 0.5 ] }
			},
			"children": [
				{
					"name": "contactWest",
					"from": [ 2.0, 0.0, 6.5 ],
					"to": [ 3.0, 2.0, 9.5 ],
					"rotationOrigin": [ 2.0, 0.0, 6.5 ],
					"faces": {
						"north": { "texture": "#copper", "uv": [ 0.0, 0.0, 1.0, 2.0 ] },
						"east": { "texture": "#copper", "uv": [ 0.0, 0.0, 3.0, 2.0 ] },
						"south": { "texture": "#copper", "uv": [ 0.0, 0.0, 1.0, 2.0 ] },
						"west": { "texture": "#copper", "uv": [ 0.0, 0.0, 3.0, 2.0 ] },
						"up": { "texture": "#copper", "uv": [ 0.0, 0.0, 1.0, 3.0 ] },
						"down": { "texture": "#copper", "uv": [ 0.0, 0.0, 1.0, 3.0 ] }
					},
					"children": [
						{
							"name": "Cube2",
							"from": [ -2.0, 0.0, 0.0 ],
							"to": [ 0.0, 2.0, 1.0 ],
							"rotationOrigin": [ -2.0, 0.0, 0.0 ],
							"faces": {
								"north": { "texture": "#copper", "uv": [ 0.0, 0.0, 2.0, 2.0 ] },
								"east": { "texture": "#copper", "uv": [ 0.0, 0.0, 1.0, 2.0 ] },
								"south": { "texture": "#copper", "uv": [ 0.0, 0.0, 2.0, 2.0 ] },
								"west": { "texture": "#copper", "uv": [ 0.0, 0.0, 1.0, 2.0 ] },
								"up": { "texture": "#copper", "uv": [ 0.0, 0.0, 2.0, 1.0 ] },
								"down": { "texture": "#copper", "uv": [ 0.0, 0.0, 2.0, 1.0 ] }
							}
						},
						{
							"name": "Cube3",
							"from": [ -2.0, 0.0, 2.0 ],
							"to": [ 0.0, 2.0, 3.0 ],
							"rotationOrigin": [ -2.0, 0.0, 2.0 ],
							"faces": {
								"north": { "texture": "#copper", "uv": [ 0.0, 0.0, 2.0, 2.0 ] },
								"east": { "texture": "#copper", "uv": [ 0.0, 0.0, 1.0, 2.0 ] },
								"south": { "texture": "#copper", "uv": [ 0.0, 0.0, 2.0, 2.0 ] },
								"west": { "texture": "#copper", "uv": [ 0.0, 0.0, 1.0, 2.0 ] },
								"up": { "texture": "#copper", "uv": [ 0.0, 0.0, 2.0, 1.0 ] },
								"down": { "texture": "#copper", "uv": [ 0.0, 0.0, 2.0, 1.0 ] }
							}
						},
						{
							"name": "Cube4",
							"from": [ -2.0, 1.0, 1.0 ],
							"to": [ 0.0, 2.0, 2.0 ],
							"rotationOrigin": [ -2.0, 1.0, 1.0 ],
							"faces": {
								"north": { "texture": "#copper", "uv": [ 0.0, 0.0, 2.0, 1.0 ] },
								"east": { "texture": "#copper", "uv": [ 0.0, 0.0, 1.0, 1.0 ] },
								"south": { "texture": "#copper", "uv": [ 0.0, 0.0, 2.0, 1.0 ] },
								"west": { "texture": "#copper", "uv": [ 0.0, 0.0, 1.0, 1.0 ] },
								"up": { "texture": "#copper", "uv": [ 0.0, 0.0, 2.0, 1.0 ] },
								"down": { "texture": "#copper", "uv": [ 0.0, 0.0, 2.0, 1.0 ] }
							}
						},
						{
							"name": "screw",
							"from": [ -1.0, 2.0, 1.0 ],
							"to": [ 0.0, 3.5, 2.0 ],
							"rotationOrigin": [ -0.5, 1.0, 1.5 ],
							"rotationY": -22.5,
							"faces": {
								"north": { "texture": "#copper", "uv": [ 0.0, 0.0, 1.0, 1.5 ] },
								"east": { "texture": "#copper", "uv": [ 0.0, 0.0, 1.0, 1.5 ] },
								"south": { "texture": "#copper", "uv": [ 0.0, 0.0, 1.0, 1.5 ] },
								"west": { "texture": "#copper", "uv": [ 0.0, 0.0, 1.0, 1.5 ] },
								"up": { "texture": "#copper", "uv": [ 0.0, 0.0, 1.0, 1.0 ] },
								"down": { "texture": "#copper", "uv": [ 0.0, 0.0, 1.0, 1.0 ] }
							},
							"children": [
								{
									"name": "Cube5",
									"from": [ -0.6, 0.6, -0.6 ],
									"to": [ 1.6, 1.6, 1.6 ],
									"rotationOrigin": [ -0.6, 0.6, -0.6 ],
									"faces": {
										"north": { "texture": "#copper", "uv": [ 0.0, 0.0, 2.0, 1.0 ] },
										"east": { "texture": "#copper", "uv": [ 0.0, 0.0, 2.0, 1.0 ] },
										"south": { "texture": "#copper", "uv": [ 0.0, 0.0, 2.0, 1.0 ] },
										"west": { "texture": "#copper", "uv": [ 0.0, 0.0, 2.0, 1.0 ] },
										"up": { "texture": "#copper", "uv": [ 0.0, 0.0, 2.0, 2.0 ] },
										"down": { "texture": "#copper", "uv": [ 0.0, 0.0, 2.0, 2.0 ] }
									}
								}
							]
						},
						{
							"name": "Cube16",
							"from": [ -2.0, 0.0, 1.0 ],
							"to": [ 0.0, 0.1, 2.0 ],
							"rotationOrigin": [ -2.0, 0.0, 1.0 ],
							"faces": {
								"north": { "texture": "#copper", "uv": [ 0.0, 0.0, 2.0, 0.5 ] },
								"east": { "texture": "#copper", "uv": [ 0.0, 0.0, 1.0, 0.5 ] },
								"south": { "texture": "#copper", "uv": [ 0.0, 0.0, 2.0, 0.5 ] },
								"west": { "texture": "#copper", "uv": [ 0.0, 0.0, 1.0, 0.5 ] },
								"up": { "texture": "#copper", "uv": [ 0.0, 0.0, 2.0, 1.0 ] },
								"down": { "texture": "#copper", "uv": [ 0.0, 0.0, 2.0, 1.0 ] }
							}
						}
					]
				},
				{
					"name": "contactWest2",
					"from": [ 6.5, 0.0, 2.0 ],
					"to": [ 9.5, 2.0, 3.0 ],
					"rotationOrigin": [ 9.5, 0.0, 2.0 ],
					"faces": {
						"north": { "texture": "#copper", "uv": [ 0.0, 0.0, 3.0, 2.0 ] },
						"east": { "texture": "#copper", "uv": [ 0.0, 0.0, 1.0, 2.0 ] },
						"south": { "texture": "#copper", "uv": [ 0.0, 0.0, 3.0, 2.0 ] },
						"west": { "texture": "#copper", "uv": [ 0.0, 0.0, 1.0, 2.0 ] },
						"up": { "texture": "#copper", "uv": [ 0.0, 0.0, 3.0, 1.0 ] },
						"down": { "texture": "#copper", "uv": [ 0.0, 0.0, 3.0, 1.0 ] }
					},
					"children": [
						{
							"name": "Cube6",
							"from": [ 2.0, 0.0, -2.0 ],
							"to": [ 3.0, 2.0, 0.0 ],
							"rotationOrigin": [ 3.0, 0.0, -2.0 ],
							"faces": {
								"north": { "texture": "#copper", "uv": [ 0.0, 0.0, 1.0, 2.0 ] },
								"east": { "texture": "#copper", "uv": [ 0.0, 0.0, 2.0, 2.0 ] },
								"south": { "texture": "#copper", "uv": [ 0.0, 0.0, 1.0, 2.0 ] },
								"west": { "texture": "#copper", "uv": [ 0.0, 0.0, 2.0, 2.0 ] },
								"up": { "texture": "#copper", "uv": [ 0.0, 0.0, 1.0, 2.0 ] },
								"down": { "texture": "#copper", "uv": [ 0.0, 0.0, 1.0, 2.0 ] }
							}
						},
						{
							"name": "Cube7",
							"from": [ 0.0, 0.0, -2.0 ],
							"to": [ 1.0, 2.0, 0.0 ],
							"rotationOrigin": [ 1.0, 0.0, -2.0 ],
							"faces": {
								"north": { "texture": "#copper", "uv": [ 0.0, 0.0, 1.0, 2.0 ] },
								"east": { "texture": "#copper", "uv": [ 0.0, 0.0, 2.0, 2.0 ] },
								"south": { "texture": "#copper", "uv": [ 0.0, 0.0, 1.0, 2.0 ] },
								"west": { "texture": "#copper", "uv": [ 0.0, 0.0, 2.0, 2.0 ] },
								"up": { "texture": "#copper", "uv": [ 0.0, 0.0, 1.0, 2.0 ] },
								"down": { "texture": "#copper", "uv": [ 0.0, 0.0, 1.0, 2.0 ] }
							}
						},
						{
							"name": "Cube8",
							"from": [ 1.0, 1.0, -2.0 ],
							"to": [ 2.0, 2.0, 0.0 ],
							"rotationOrigin": [ 2.0, 1.0, -2.0 ],
							"faces": {
								"north": { "texture": "#copper", "uv": [ 0.0, 0.0, 1.0, 1.0 ] },
								"east": { "texture": "#copper", "uv": [ 0.0, 0.0, 2.0, 1.0 ] },
								"south": { "texture": "#copper", "uv": [ 0.0, 0.0, 1.0, 1.0 ] },
								"west": { "texture": "#copper", "uv": [ 0.0, 0.0, 2.0, 1.0 ] },
								"up": { "texture": "#copper", "uv": [ 0.0, 0.0, 1.0, 2.0 ] },
								"down": { "texture": "#copper", "uv": [ 0.0, 0.0, 1.0, 2.0 ] }
							}
						},
						{
							"name": "screw2",
							"from": [ 1.0, 2.0, -1.0 ],
							"to": [ 2.0, 3.5, 0.0 ],
							"rotationOrigin": [ 1.5, 1.0, -0.5 ],
							"rotationY": 22.5,
							"faces": {
								"north": { "texture": "#copper", "uv": [ 0.0, 0.0, 1.0, 1.5 ] },
								"east": { "texture": "#copper", "uv": [ 0.0, 0.0, 1.0, 1.5 ] },
								"south": { "texture": "#copper", "uv": [ 0.0, 0.0, 1.0, 1.5 ] },
								"west": { "texture": "#copper", "uv": [ 0.0, 0.0, 1.0, 1.5 ] },
								"up": { "texture": "#copper", "uv": [ 0.0, 0.0, 1.0, 1.0 ] },
								"down": { "texture": "#copper", "uv": [ 0.0, 0.0, 1.0, 1.0 ] }
							},
							"children": [
								{
									"name": "Cube9",
									"from": [ -0.6, 0.6, -0.6 ],
									"to": [ 1.6, 1.6, 1.6 ],
									"rotationOrigin": [ 2.0, 0.6, -0.6 ],
									"faces": {
										"north": { "texture": "#copper", "uv": [ 0.0, 0.0, 2.0, 1.0 ] },
										"east": { "texture": "#copper", "uv": [ 0.0, 0.0, 2.0, 1.0 ] },
										"south": { "texture": "#copper", "uv": [ 0.0, 0.0, 2.0, 1.0 ] },
										"west": { "texture": "#copper", "uv": [ 0.0, 0.0, 2.0, 1.0 ] },
										"up": { "texture": "#copper", "uv": [ 0.0, 0.0, 2.0, 2.0 ] },
										"down": { "texture": "#copper", "uv": [ 0.0, 0.0, 2.0, 2.0 ] }
									}
								}
							]
						},
						{
							"name": "Cube14",
							"from": [ 1.0, 0.0, -2.0 ],
							"to": [ 2.0, 0.1, 0.0 ],
							"rotationOrigin": [ 2.0, 0.0, -2.0 ],
							"faces": {
								"north": { "texture": "#copper", "uv": [ 0.0, 0.0, 1.0, 0.5 ] },
								"east": { "texture": "#copper", "uv": [ 0.0, 0.0, 2.0, 0.5 ] },
								"south": { "texture": "#copper", "uv": [ 0.0, 0.0, 1.0, 0.5 ] },
								"west": { "texture": "#copper", "uv": [ 0.0, 0.0, 2.0, 0.5 ] },
								"up": { "texture": "#copper", "uv": [ 0.0, 0.0, 1.0, 2.0 ] },
								"down": { "texture": "#copper", "uv": [ 0.0, 0.0, 1.0, 2.0 ] }
							}
						}
					]
				},
				{
					"name": "contactWest3",
					"from": [ 13.0, 0.0, 6.5 ],
					"to": [ 14.0, 2.0, 9.5 ],
					"rotationOrigin": [ 14.0, 0.0, 9.5 ],
					"faces": {
						"north": { "texture": "#copper", "uv": [ 0.0, 0.0, 1.0, 2.0 ] },
						"east": { "texture": "#copper", "uv": [ 0.0, 0.0, 3.0, 2.0 ] },
						"south": { "texture": "#copper", "uv": [ 0.0, 0.0, 1.0, 2.0 ] },
						"west": { "texture": "#copper", "uv": [ 0.0, 0.0, 3.0, 2.0 ] },
						"up": { "texture": "#copper", "uv": [ 0.0, 0.0, 1.0, 3.0 ] },
						"down": { "texture": "#copper", "uv": [ 0.0, 0.0, 1.0, 3.0 ] }
					},
					"children": [
						{
							"name": "Cube10",
							"from": [ 1.0, 0.0, 2.0 ],
							"to": [ 3.0, 2.0, 3.0 ],
							"rotationOrigin": [ 3.0, 0.0, 3.0 ],
							"faces": {
								"north": { "texture": "#copper", "uv": [ 0.0, 0.0, 2.0, 2.0 ] },
								"east": { "texture": "#copper", "uv": [ 0.0, 0.0, 1.0, 2.0 ] },
								"south": { "texture": "#copper", "uv": [ 0.0, 0.0, 2.0, 2.0 ] },
								"west": { "texture": "#copper", "uv": [ 0.0, 0.0, 1.0, 2.0 ] },
								"up": { "texture": "#copper", "uv": [ 0.0, 0.0, 2.0, 1.0 ] },
								"down": { "texture": "#copper", "uv": [ 0.0, 0.0, 2.0, 1.0 ] }
							}
						},
						{
							"name": "Cube11",
							"from": [ 1.0, 0.0, 0.0 ],
							"to": [ 3.0, 2.0, 1.0 ],
							"rotationOrigin": [ 3.0, 0.0, 1.0 ],
							"faces": {
								"north": { "texture": "#copper", "uv": [ 0.0, 0.0, 2.0, 2.0 ] },
								"east": { "texture": "#copper", "uv": [ 0.0, 0.0, 1.0, 2.0 ] },
								"south": { "texture": "#copper", "uv": [ 0.0, 0.0, 2.0, 2.0 ] },
								"west": { "texture": "#copper", "uv": [ 0.0, 0.0, 1.0, 2.0 ] },
								"up": { "texture": "#copper", "uv": [ 0.0, 0.0, 2.0, 1.0 ] },
								"down": { "texture": "#copper", "uv": [ 0.0, 0.0, 2.0, 1.0 ] }
							}
						},
						{
							"name": "Cube12",
							"from": [ 1.0, 1.0, 1.0 ],
							"to": [ 3.0, 2.0, 2.0 ],
							"rotationOrigin": [ 3.0, 1.0, 2.0 ],
							"faces": {
								"north": { "texture": "#copper", "uv": [ 0.0, 0.0, 2.0, 1.0 ] },
								"east": { "texture": "#copper", "uv": [ 0.0, 0.0, 1.0, 1.0 ] },
								"south": { "texture": "#copper", "uv": [ 0.0, 0.0, 2.0, 1.0 ] },
								"west": { "texture": "#copper", "uv": [ 0.0, 0.0, 1.0, 1.0 ] },
								"up": { "texture": "#copper", "uv": [ 0.0, 0.0, 2.0, 1.0 ] },
								"down": { "texture": "#copper", "uv": [ 0.0, 0.0, 2.0, 1.0 ] }
							}
						},
						{
							"name": "screw3",
							"from": [ 1.0, 2.0, 1.0 ],
							"to": [ 2.0, 3.5, 2.0 ],
							"rotationOrigin": [ 1.5, 1.0, 1.5 ],
							"rotationY": 45.0,
							"faces": {
								"north": { "texture": "#copper", "uv": [ 0.0, 0.0, 1.0, 1.5 ] },
								"east": { "texture": "#copper", "uv": [ 0.0, 0.0, 1.0, 1.5 ] },
								"south": { "texture": "#copper", "uv": [ 0.0, 0.0, 1.0, 1.5 ] },
								"west": { "texture": "#copper", "uv": [ 0.0, 0.0, 1.0, 1.5 ] },
								"up": { "texture": "#copper", "uv": [ 0.0, 0.0, 1.0, 1.0 ] },
								"down": { "texture": "#copper", "uv": [ 0.0, 0.0, 1.0, 1.0 ] }
							},
							"children": [
								{
									"name": "Cube13",
									"from": [ -0.6, 0.6, -0.6 ],
									"to": [ 1.6, 1.6, 1.6 ],
									"rotationOrigin": [ 2.0, 0.6, 2.0 ],
									"faces": {
										"north": { "texture": "#copper", "uv": [ 0.0, 0.0, 2.0, 1.0 ] },
										"east": { "texture": "#copper", "uv": [ 0.0, 0.0, 2.0, 1.0 ] },
										"south": { "texture": "#copper", "uv": [ 0.0, 0.0, 2.0, 1.0 ] },
										"west": { "texture": "#copper", "uv": [ 0.0, 0.0, 2.0, 1.0 ] },
										"up": { "texture": "#copper", "uv": [ 0.0, 0.0, 2.0, 2.0 ] },
										"down": { "texture": "#copper", "uv": [ 0.0, 0.0, 2.0, 2.0 ] }
									}
								}
							]
						},
						{
							"name": "Cube15",
							"from": [ 1.0, 0.0, 1.0 ],
							"to": [ 3.0, 0.1, 2.0 ],
							"rotationOrigin": [ 3.0, 0.0, 2.0 ],
							"faces": {
								"north": { "texture": "#copper", "uv": [ 0.0, 0.0, 2.0, 0.5 ] },
								"east": { "texture": "#copper", "uv": [ 0.0, 0.0, 1.0, 0.5 ] },
								"south": { "texture": "#copper", "uv": [ 0.0, 0.0, 2.0, 0.5 ] },
								"west": { "texture": "#copper", "uv": [ 0.0, 0.0, 1.0, 0.5 ] },
								"up": { "texture": "#copper", "uv": [ 0.0, 0.0, 2.0, 1.0 ] },
								"down": { "texture": "#copper", "uv": [ 0.0, 0.0, 2.0, 1.0 ] }
							}
						}
					]
				},
				{
					"name": "plate",
					"from": [ 3.0, 1.0, 7.2 ],
					"to": [ 6.5, 1.5, 8.8 ],
					"rotationOrigin": [ 3.0, 1.0, 7.2 ],
					"faces": {
						"north": { "texture": "#copper", "uv": [ 0.0, 0.0, 3.5, 0.5 ] },
						"east": { "texture": "#copper", "uv": [ 0.0, 0.0, 1.5, 0.5 ] },
						"south": { "texture": "#copper", "uv": [ 0.0, 0.0, 3.5, 0.5 ] },
						"west": { "texture": "#copper", "uv": [ 0.0, 0.0, 1.5, 0.5 ] },
						"up": { "texture": "#copper", "uv": [ 0.0, 0.0, 3.5, 1.5 ] },
						"down": { "texture": "#copper", "uv": [ 0.0, 0.0, 3.5, 1.5 ] }
					}
				},
				{
					"name": "plate2",
					"from": [ 7.2, 1.0, 3.0 ],
					"to": [ 8.8, 1.5, 6.5 ],
					"rotationOrigin": [ 7.2, 1.0, 7.0 ],
					"faces": {
						"north": { "texture": "#copper", "uv": [ 0.0, 0.0, 1.5, 0.5 ] },
						"east": { "texture": "#copper", "uv": [ 0.0, 0.0, 3.5, 0.5 ] },
						"south": { "texture": "#copper", "uv": [ 0.0, 0.0, 1.5, 0.5 ] },
						"west": { "texture": "#copper", "uv": [ 0.0, 0.0, 3.5, 0.5 ] },
						"up": { "texture": "#copper", "uv": [ 0.0, 0.0, 1.5, 3.5 ] },
						"down": { "texture": "#copper", "uv": [ 0.0, 0.0, 1.5, 3.5 ] }
					}
				},
				{
					"name": "plate3",
					"from": [ 9.5, 1.0, 7.2 ],
					"to": [ 13.0, 1.5, 8.8 ],
					"rotationOrigin": [ 13.5, 1.0, 8.8 ],
					"faces": {
						"north": { "texture": "#copper", "uv": [ 0.0, 0.0, 3.5, 0.5 ] },
						"east": { "texture": "#copper", "uv": [ 0.0, 0.0, 1.5, 0.5 ] },
						"south": { "texture": "#copper", "uv": [ 0.0, 0.0, 3.5, 0.5 ] },
						"west": { "texture": "#copper", "uv": [ 0.0, 0.0, 1.5, 0.5 ] },
						"up": { "texture": "#copper", "uv": [ 0.0, 0.0, 3.5, 1.5 ] },
						"down": { "texture": "#copper", "uv": [ 0.0, 0.0, 3.5, 1.5 ] }
					}
				}
			]
		},
		{
			"name": "base",
			"from": [ 2.1, 0.0, 2.1 ],
			"to": [ 13.9, 1.0, 14.9 ],
			"rotationOrigin": [ 2.1, 0.0, 2.1 ],
			"faces": {
				"north": { "texture": "#oak", "uv": [ 0.0, 0.0, 11.5, 1.0 ] },
				"east": { "texture": "#oak", "uv": [ 0.0, 0.0, 12.5, 1.0 ] },
				"south": { "texture": "#oak", "uv": [ 0.0, 0.0, 11.5, 1.0 ] },
				"west": { "texture": "#oak", "uv": [ 0.0, 0.0, 12.5, 1.0 ] },
				"up": { "texture": "#oak", "uv": [ 0.0, 0.0, 11.5, 12.5 ] },
				"down": { "texture": "#oak", "uv": [ 0.0, 0.0, 11.5, 12.5 ] }
			}
		},
		{
			"name": "slider",
			"from": [ 5.5, 3.5, 5.5 ],
			"to": [ 10.5, 4.5, 10.5 ],
			"rotationOrigin": [ 5.5, 3.5, 5.5 ],
			"faces": {
				"north": { "texture": "#copper", "uv": [ 0.0, 0.0, 5.0, 1.0 ] },
				"east": { "texture": "#copper", "uv": [ 0.0, 0.0, 5.0, 1.0 ] },
				"south": { "texture": "#copper", "uv": [ 0.0, 0.0, 5.0, 1.0 ] },
				"west": { "texture": "#copper", "uv": [ 0.0, 0.0, 5.0, 1.0 ] },
				"up": { "texture": "#copper", "uv": [ 0.0, 0.0, 5.0, 5.0 ] },
				"down": { "texture": "#copper", "uv": [ 0.0, 0.0, 5.0, 5.0 ] }
			},
			"children": [
				{
					"name": "Cube17",
					"from": [ 1.5, 0.5, 1.5 ],
					"to": [ 3.5, 3.0, 3.5 ],
					"rotationOrigin": [ 1.5, 0.5, 1.5 ],
					"faces": {
						"north": { "texture": "#iron", "uv": [ 5.5, 3.0, 7.5, 5.5 ] },
						"east": { "texture": "#iron", "uv": [ 5.5, 3.0, 7.5, 5.5 ] },
						"south": { "texture": "#iron", "uv": [ 5.0, 2.5, 7.0, 5.0 ] },
						"west": { "texture": "#iron", "uv": [ 5.0, 3.0, 7.0, 5.5 ] },
						"up": { "texture": "#iron", "uv": [ 4.5, 5.0, 6.5, 7.0 ] },
						"down": { "texture": "#iron", "uv": [ 2.5, 3.5, 4.5, 5.5 ] }
					}
				},
				{
					"name": "magnet1",
					"from": [ 1.49, 5.0, 1.49 ],
					"to": [ 1.81, 6.5, 3.51 ],
					"rotationOrigin": [ 1.5, 5.0, 1.5 ],
					"faces": {
						"north": { "texture": "#col43", "uv": [ 0.0, 0.0, 0.5, 1.5 ], "glow": 100 },
						"east": { "texture": "#col43", "uv": [ 0.0, 0.0, 2.0, 1.5 ], "glow": 100, "windMode": [-1,-1,-1,-1] },
						"south": { "texture": "#col43", "uv": [ 0.0, 0.0, 0.5, 1.5 ], "glow": 100, "windMode": [-1,-1,-1,-1] },
						"west": { "texture": "#col43", "uv": [ 0.0, 0.0, 2.0, 1.5 ], "glow": 100, "windMode": [-1,-1,-1,-1] },
						"up": { "texture": "#col43", "uv": [ 0.0, 0.0, 0.5, 2.0 ] },
						"down": { "texture": "#col43", "uv": [ 0.0, 0.0, 0.5, 2.0 ] }
					}
				},
				{
					"name": "Cube37",
					"from": [ 1.0, 1.0, 1.0 ],
					"to": [ 4.0, 2.0, 4.0 ],
					"rotationOrigin": [ 1.0, 1.0, 1.0 ],
					"faces": {
						"north": { "texture": "#iron", "uv": [ 5.5, 3.0, 8.5, 4.0 ] },
						"east": { "texture": "#iron", "uv": [ 5.5, 3.0, 8.5, 4.0 ] },
						"south": { "texture": "#iron", "uv": [ 5.0, 2.5, 8.0, 3.5 ] },
						"west": { "texture": "#iron", "uv": [ 5.0, 3.0, 8.0, 4.0 ] },
						"up": { "texture": "#iron", "uv": [ 4.5, 5.0, 7.5, 8.0 ] },
						"down": { "texture": "#iron", "uv": [ 2.5, 3.5, 5.5, 6.5 ] }
					}
				},
				{
					"name": "Cube19",
					"from": [ 1.5, 3.0, 1.5 ],
					"to": [ 3.5, 9.0, 2.5 ],
					"rotationOrigin": [ 1.5, 3.0, 1.5 ],
					"faces": {
						"north": { "texture": "#iron", "uv": [ 6.0, 6.0, 8.0, 12.0 ] },
						"east": { "texture": "#iron", "uv": [ 8.0, 5.5, 9.0, 11.5 ] },
						"south": { "texture": "#iron", "uv": [ 5.5, 5.0, 7.5, 11.0 ] },
						"west": { "texture": "#iron", "uv": [ 5.5, 7.0, 6.5, 13.0 ] },
						"up": { "texture": "#iron", "uv": [ 8.5, 5.0, 10.5, 6.0 ] },
						"down": { "texture": "#iron", "uv": [ 6.0, 6.5, 8.0, 7.5 ] }
					}
				},
				{
					"name": "Cube20",
					"from": [ 1.5, 3.0, 2.5 ],
					"to": [ 2.28, 9.0, 3.5 ],
					"rotationOrigin": [ 1.5, 3.0, 2.5 ],
					"faces": {
						"north": { "texture": "#iron", "uv": [ 8.0, 6.5, 8.5, 12.5 ] },
						"east": { "texture": "#iron", "uv": [ 14.0, 6.5, 15.0, 12.5 ] },
						"south": { "texture": "#iron", "uv": [ 5.0, 4.5, 5.5, 10.5 ] },
						"west": { "texture": "#iron", "uv": [ 3.5, 5.5, 4.5, 11.5 ] },
						"up": { "texture": "#iron", "uv": [ 3.0, 5.0, 3.5, 6.0 ] },
						"down": { "texture": "#iron", "uv": [ 4.5, 5.0, 5.0, 6.0 ] }
					}
				},
				{
					"name": "Cube21",
					"from": [ 2.732, 3.0, 2.5 ],
					"to": [ 3.512, 9.0, 3.5 ],
					"rotationOrigin": [ 2.7, 3.0, 2.5 ],
					"faces": {
						"north": { "texture": "#iron", "uv": [ 7.5, 4.5, 8.0, 10.5 ] },
						"east": { "texture": "#iron", "uv": [ 6.5, 3.0, 7.5, 9.0 ] },
						"south": { "texture": "#iron", "uv": [ 10.0, 6.5, 10.5, 12.5 ] },
						"west": { "texture": "#iron", "uv": [ 1.0, 6.0, 2.0, 12.0 ] },
						"up": { "texture": "#iron", "uv": [ 4.5, 4.0, 5.0, 5.0 ] },
						"down": { "texture": "#iron", "uv": [ 6.5, 5.5, 7.0, 6.5 ] }
					}
				},
				{
					"name": "Cube30",
					"from": [ 2.28, 6.5, 2.5 ],
					"to": [ 2.74, 9.0, 3.5 ],
					"rotationOrigin": [ 2.3, 6.5, 2.5 ],
					"faces": {
						"north": { "texture": "#iron", "uv": [ 5.5, 8.0, 6.0, 10.5 ] },
						"east": { "texture": "#iron", "uv": [ 7.0, 5.5, 8.0, 8.0 ] },
						"south": { "texture": "#iron", "uv": [ 9.0, 7.5, 9.5, 10.0 ] },
						"west": { "texture": "#iron", "uv": [ 7.0, 5.0, 8.0, 7.5 ] },
						"up": { "texture": "#iron", "uv": [ 7.0, 8.0, 7.5, 9.0 ] },
						"down": { "texture": "#iron", "uv": [ 7.0, 5.0, 7.5, 6.0 ] }
					}
				},
				{
					"name": "magnet2",
					"from": [ 3.21, 5.0, 1.49 ],
					"to": [ 3.53, 6.5, 3.51 ],
					"rotationOrigin": [ 3.2, 5.0, 1.5 ],
					"faces": {
						"north": { "texture": "#col43", "uv": [ 0.0, 0.0, 0.5, 1.5 ], "glow": 100 },
						"east": { "texture": "#col43", "uv": [ 0.0, 0.0, 2.0, 1.5 ], "glow": 100, "windMode": [-1,-1,-1,-1] },
						"south": { "texture": "#col43", "uv": [ 0.0, 0.0, 0.5, 1.5 ], "glow": 100, "windMode": [-1,-1,-1,-1] },
						"west": { "texture": "#col43", "uv": [ 0.0, 0.0, 2.0, 1.5 ], "glow": 100, "windMode": [-1,-1,-1,-1] },
						"up": { "texture": "#col43", "uv": [ 0.0, 0.0, 0.5, 2.0 ] },
						"down": { "texture": "#col43", "uv": [ 0.0, 0.0, 0.5, 2.0 ] }
					}
				}
			]
		},
		{
			"name": "stand",
			"from": [ 3.0, 1.0, 11.0 ],
			"to": [ 13.0, 2.0, 14.0 ],
			"rotationOrigin": [ 3.0, 1.0, 11.0 ],
			"faces": {
				"north": { "texture": "#iron", "uv": [ 3.5, 8.5, 13.5, 9.5 ] },
				"east": { "texture": "#iron", "uv": [ 5.5, 4.5, 8.5, 5.5 ] },
				"south": { "texture": "#iron", "uv": [ 3.5, 6.0, 13.5, 7.0 ] },
				"west": { "texture": "#iron", "uv": [ 3.5, 3.5, 6.5, 4.5 ] },
				"up": { "texture": "#iron", "uv": [ 3.5, 6.5, 13.5, 9.5 ] },
				"down": { "texture": "#iron", "uv": [ 3.0, 5.5, 13.0, 8.5 ] }
			},
			"children": [
				{
					"name": "tube",
					"from": [ 4.49, 4.7, -1.5 ],
					"to": [ 5.51, 9.5, 0.0 ],
					"rotationOrigin": [ 4.5, 4.7, -1.5 ],
					"faces": {
						"north": { "texture": "#bismuthbronze", "uv": [ 5.5, 4.0, 6.5, 8.5 ] },
						"east": { "texture": "#bismuthbronze", "uv": [ 6.5, 3.5, 8.0, 8.0 ] },
						"south": { "texture": "#bismuthbronze", "uv": [ 5.0, 3.5, 6.0, 8.0 ] },
						"west": { "texture": "#bismuthbronze", "uv": [ 4.5, 3.0, 6.0, 7.5 ] },
						"up": { "texture": "#bismuthbronze", "uv": [ 3.0, 6.0, 4.0, 7.5 ] },
						"down": { "texture": "#bismuthbronze", "uv": [ 7.0, 7.5, 8.0, 9.0 ] }
					}
				},
				{
					"name": "holder",
					"from": [ 0.0, 0.0, 0.0 ],
					"to": [ 0.0, 0.0, 0.0 ],
					"faces": {
						"north": { "texture": "#bismuthbronze", "uv": [ 0.0, 0.0, 0.5, 0.5 ] },
						"east": { "texture": "#bismuthbronze", "uv": [ 0.0, 0.0, 0.5, 0.5 ] },
						"south": { "texture": "#bismuthbronze", "uv": [ 0.0, 0.0, 0.5, 0.5 ] },
						"west": { "texture": "#bismuthbronze", "uv": [ 0.0, 0.0, 0.5, 0.5 ] },
						"up": { "texture": "#bismuthbronze", "uv": [ 0.0, 0.0, 0.5, 0.5 ] },
						"down": { "texture": "#bismuthbronze", "uv": [ 0.0, 0.0, 0.5, 0.5 ] }
					}
				},
				{
					"name": "ribs",
					"from": [ 0.0, -0.5, 0.0 ],
					"to": [ 0.0, -0.5, 0.0 ],
					"rotationOrigin": [ 0.0, -0.5, 0.0 ],
					"faces": {
						"north": { "texture": "#rustyglow", "uv": [ 0.0, 0.0, 0.5, 0.5 ] },
						"east": { "texture": "#rustyglow", "uv": [ 0.0, 0.0, 0.5, 0.5 ] },
						"south": { "texture": "#rustyglow", "uv": [ 0.0, 0.0, 0.5, 0.5 ] },
						"west": { "texture": "#rustyglow", "uv": [ 0.0, 0.0, 0.5, 0.5 ] },
						"up": { "texture": "#rustyglow", "uv": [ 0.0, 0.0, 0.5, 0.5 ] },
						"down": { "texture": "#rustyglow", "uv": [ 0.0, 0.0, 0.5, 0.5 ] }
					},
					"children": [
						{
							"name": "rib1",
							"from": [ 3.0, 7.0, -1.0 ],
							"to": [ 7.0, 7.5, -0.5 ],
							"rotationOrigin": [ 3.0, 7.0, -1.0 ],
							"faces": {
								"north": { "texture": "#rustyglow", "uv": [ 0.0, 0.0, 4.0, 0.5 ] },
								"east": { "texture": "#rustyglow", "uv": [ 0.0, 0.0, 0.5, 0.5 ] },
								"south": { "texture": "#rustyglow", "uv": [ 0.0, 0.0, 4.0, 0.5 ] },
								"west": { "texture": "#rustyglow", "uv": [ 0.0, 0.0, 0.5, 0.5 ] },
								"up": { "texture": "#rustyglow", "uv": [ 0.0, 0.0, 4.0, 0.5 ] },
								"down": { "texture": "#rustyglow", "uv": [ 0.0, 0.0, 4.0, 0.5 ] }
							},
							"children": [
								{
									"name": "Cube22",
									"from": [ 0.0, 0.0, -3.0 ],
									"to": [ 0.5, 0.5, 0.0 ],
									"rotationOrigin": [ 0.0, 0.0, -3.0 ],
									"faces": {
										"north": { "texture": "#rustyglow", "uv": [ 0.0, 0.0, 0.5, 0.5 ] },
										"east": { "texture": "#rustyglow", "uv": [ 0.0, 0.0, 3.0, 0.5 ] },
										"south": { "texture": "#rustyglow", "uv": [ 0.0, 0.0, 0.5, 0.5 ] },
										"west": { "texture": "#rustyglow", "uv": [ 0.0, 0.0, 3.0, 0.5 ] },
										"up": { "texture": "#rustyglow", "uv": [ 0.0, 0.0, 0.5, 3.0 ] },
										"down": { "texture": "#rustyglow", "uv": [ 0.0, 0.0, 0.5, 3.0 ] }
									}
								},
								{
									"name": "Cube23",
									"from": [ 3.5, 0.0, -3.0 ],
									"to": [ 4.0, 0.5, 0.0 ],
									"rotationOrigin": [ 3.5, 0.0, -3.0 ],
									"faces": {
										"north": { "texture": "#rustyglow", "uv": [ 0.0, 0.0, 0.5, 0.5 ] },
										"east": { "texture": "#rustyglow", "uv": [ 0.0, 0.0, 3.0, 0.5 ] },
										"south": { "texture": "#rustyglow", "uv": [ 0.0, 0.0, 0.5, 0.5 ] },
										"west": { "texture": "#rustyglow", "uv": [ 0.0, 0.0, 3.0, 0.5 ] },
										"up": { "texture": "#rustyglow", "uv": [ 0.0, 0.0, 0.5, 3.0 ] },
										"down": { "texture": "#rustyglow", "uv": [ 0.0, 0.0, 0.5, 3.0 ] }
									}
								}
							]
						},
						{
							"name": "rib2",
							"from": [ 3.0, 6.0, -1.0 ],
							"to": [ 7.0, 6.5, -0.5 ],
							"rotationOrigin": [ 3.0, 6.0, -1.0 ],
							"faces": {
								"north": { "texture": "#rustyglow", "uv": [ 0.0, 0.0, 4.0, 0.5 ] },
								"east": { "texture": "#rustyglow", "uv": [ 0.0, 0.0, 0.5, 0.5 ] },
								"south": { "texture": "#rustyglow", "uv": [ 0.0, 0.0, 4.0, 0.5 ] },
								"west": { "texture": "#rustyglow", "uv": [ 0.0, 0.0, 0.5, 0.5 ] },
								"up": { "texture": "#rustyglow", "uv": [ 0.0, 0.0, 4.0, 0.5 ] },
								"down": { "texture": "#rustyglow", "uv": [ 0.0, 0.0, 4.0, 0.5 ] }
							},
							"children": [
								{
									"name": "Cube24",
									"from": [ 0.0, 0.0, -3.0 ],
									"to": [ 0.5, 0.5, 0.0 ],
									"rotationOrigin": [ 0.0, 0.0, -3.0 ],
									"faces": {
										"north": { "texture": "#rustyglow", "uv": [ 0.0, 0.0, 0.5, 0.5 ] },
										"east": { "texture": "#rustyglow", "uv": [ 0.0, 0.0, 3.0, 0.5 ] },
										"south": { "texture": "#rustyglow", "uv": [ 0.0, 0.0, 0.5, 0.5 ] },
										"west": { "texture": "#rustyglow", "uv": [ 0.0, 0.0, 3.0, 0.5 ] },
										"up": { "texture": "#rustyglow", "uv": [ 0.0, 0.0, 0.5, 3.0 ] },
										"down": { "texture": "#rustyglow", "uv": [ 0.0, 0.0, 0.5, 3.0 ] }
									}
								},
								{
									"name": "Cube25",
									"from": [ 3.5, 0.0, -3.0 ],
									"to": [ 4.0, 0.5, 0.0 ],
									"rotationOrigin": [ 3.5, 0.0, -3.0 ],
									"faces": {
										"north": { "texture": "#rustyglow", "uv": [ 0.0, 0.0, 0.5, 0.5 ] },
										"east": { "texture": "#rustyglow", "uv": [ 0.0, 0.0, 3.0, 0.5 ] },
										"south": { "texture": "#rustyglow", "uv": [ 0.0, 0.0, 0.5, 0.5 ] },
										"west": { "texture": "#rustyglow", "uv": [ 0.0, 0.0, 3.0, 0.5 ] },
										"up": { "texture": "#rustyglow", "uv": [ 0.0, 0.0, 0.5, 3.0 ] },
										"down": { "texture": "#rustyglow", "uv": [ 0.0, 0.0, 0.5, 3.0 ] }
									}
								}
							]
						},
						{
							"name": "rib3",
							"from": [ 3.0, 9.0, -1.0 ],
							"to": [ 7.0, 9.5, -0.5 ],
							"rotationOrigin": [ 3.0, 9.0, -1.0 ],
							"faces": {
								"north": { "texture": "#rustyglow", "uv": [ 0.0, 0.0, 4.0, 0.5 ], "glow": 200 },
								"east": { "texture": "#rustyglow", "uv": [ 0.0, 0.0, 0.5, 0.5 ], "glow": 200 },
								"south": { "texture": "#rustyglow", "uv": [ 0.0, 0.0, 4.0, 0.5 ], "glow": 200 },
								"west": { "texture": "#rustyglow", "uv": [ 0.0, 0.0, 0.5, 0.5 ], "glow": 200 },
								"up": { "texture": "#rustyglow", "uv": [ 0.0, 0.0, 4.0, 0.5 ], "glow": 200 },
								"down": { "texture": "#rustyglow", "uv": [ 0.0, 0.0, 4.0, 0.5 ], "glow": 200 }
							},
							"children": [
								{
									"name": "Cube26",
									"from": [ 0.0, 0.0, -3.0 ],
									"to": [ 0.5, 0.5, 0.0 ],
									"rotationOrigin": [ 0.0, 0.0, -3.0 ],
									"faces": {
										"north": { "texture": "#rustyglow", "uv": [ 0.0, 0.0, 0.5, 0.5 ], "glow": 200 },
										"east": { "texture": "#rustyglow", "uv": [ 0.0, 0.0, 3.0, 0.5 ], "glow": 200 },
										"south": { "texture": "#rustyglow", "uv": [ 0.0, 0.0, 0.5, 0.5 ], "glow": 200 },
										"west": { "texture": "#rustyglow", "uv": [ 0.0, 0.0, 3.0, 0.5 ], "glow": 200 },
										"up": { "texture": "#rustyglow", "uv": [ 0.0, 0.0, 0.5, 3.0 ], "glow": 200 },
										"down": { "texture": "#rustyglow", "uv": [ 0.0, 0.0, 0.5, 3.0 ], "glow": 200 }
									}
								},
								{
									"name": "Cube27",
									"from": [ 3.5, 0.0, -3.0 ],
									"to": [ 4.0, 0.5, 0.0 ],
									"rotationOrigin": [ 3.5, 0.0, -3.0 ],
									"faces": {
										"north": { "texture": "#rustyglow", "uv": [ 0.0, 0.0, 0.5, 0.5 ], "glow": 200 },
										"east": { "texture": "#rustyglow", "uv": [ 0.0, 0.0, 3.0, 0.5 ], "glow": 200 },
										"south": { "texture": "#rustyglow", "uv": [ 0.0, 0.0, 0.5, 0.5 ], "glow": 200 },
										"west": { "texture": "#rustyglow", "uv": [ 0.0, 0.0, 3.0, 0.5 ], "glow": 200 },
										"up": { "texture": "#rustyglow", "uv": [ 0.0, 0.0, 0.5, 3.0 ], "glow": 200 },
										"down": { "texture": "#rustyglow", "uv": [ 0.0, 0.0, 0.5, 3.0 ], "glow": 200 }
									}
								}
							]
						},
						{
							"name": "rib4",
							"from": [ 3.0, 8.0, -1.0 ],
							"to": [ 7.0, 8.5, -0.5 ],
							"rotationOrigin": [ 3.0, 8.0, -1.0 ],
							"faces": {
								"north": { "texture": "#rustyglow", "uv": [ 0.0, 0.0, 4.0, 0.5 ], "glow": 200 },
								"east": { "texture": "#rustyglow", "uv": [ 0.0, 0.0, 0.5, 0.5 ], "glow": 200 },
								"south": { "texture": "#rustyglow", "uv": [ 0.0, 0.0, 4.0, 0.5 ], "glow": 200 },
								"west": { "texture": "#rustyglow", "uv": [ 0.0, 0.0, 0.5, 0.5 ], "glow": 200 },
								"up": { "texture": "#rustyglow", "uv": [ 0.0, 0.0, 4.0, 0.5 ], "glow": 200 },
								"down": { "texture": "#rustyglow", "uv": [ 0.0, 0.0, 4.0, 0.5 ], "glow": 200 }
							},
							"children": [
								{
									"name": "Cube28",
									"from": [ 0.0, 0.0, -3.0 ],
									"to": [ 0.5, 0.5, 0.0 ],
									"rotationOrigin": [ 0.0, 0.0, -3.0 ],
									"faces": {
										"north": { "texture": "#rustyglow", "uv": [ 0.0, 0.0, 0.5, 0.5 ], "glow": 200 },
										"east": { "texture": "#rustyglow", "uv": [ 0.0, 0.0, 3.0, 0.5 ], "glow": 200 },
										"south": { "texture": "#rustyglow", "uv": [ 0.0, 0.0, 0.5, 0.5 ], "glow": 200 },
										"west": { "texture": "#rustyglow", "uv": [ 0.0, 0.0, 3.0, 0.5 ], "glow": 200 },
										"up": { "texture": "#rustyglow", "uv": [ 0.0, 0.0, 0.5, 3.0 ], "glow": 200 },
										"down": { "texture": "#rustyglow", "uv": [ 0.0, 0.0, 0.5, 3.0 ], "glow": 200 }
									}
								},
								{
									"name": "Cube29",
									"from": [ 3.5, 0.0, -3.0 ],
									"to": [ 4.0, 0.5, 0.0 ],
									"rotationOrigin": [ 3.5, 0.0, -3.0 ],
									"faces": {
										"north": { "texture": "#rustyglow", "uv": [ 0.0, 0.0, 0.5, 0.5 ], "glow": 200 },
										"east": { "texture": "#rustyglow", "uv": [ 0.0, 0.0, 3.0, 0.5 ], "glow": 200 },
										"south": { "texture": "#rustyglow", "uv": [ 0.0, 0.0, 0.5, 0.5 ], "glow": 200 },
										"west": { "texture": "#rustyglow", "uv": [ 0.0, 0.0, 3.0, 0.5 ], "glow": 200 },
										"up": { "texture": "#rustyglow", "uv": [ 0.0, 0.0, 0.5, 3.0 ], "glow": 200 },
										"down": { "texture": "#rustyglow", "uv": [ 0.0, 0.0, 0.5, 3.0 ], "glow": 200 }
									}
								}
							]
						}
					]
				},
				{
					"name": "Cube34",
					"from": [ 1.0, 1.0, 1.0 ],
					"to": [ 2.0, 1.5, 2.0 ],
					"rotationOrigin": [ 1.0, 1.0, 1.0 ],
					"faces": {
						"north": { "texture": "#iron", "uv": [ 4.0, 4.5, 5.0, 5.0 ] },
						"east": { "texture": "#iron", "uv": [ 3.5, 5.5, 4.5, 6.0 ] },
						"south": { "texture": "#iron", "uv": [ 4.5, 6.5, 5.5, 7.0 ] },
						"west": { "texture": "#iron", "uv": [ 2.5, 7.5, 3.5, 8.0 ] },
						"up": { "texture": "#iron", "uv": [ 0.5, 3.5, 1.5, 4.5 ] },
						"down": { "texture": "#iron", "uv": [ 2.0, 2.5, 3.0, 3.5 ] }
					}
				},
				{
					"name": "Cube35",
					"from": [ 8.0, 1.0, 1.0 ],
					"to": [ 9.0, 1.5, 2.0 ],
					"rotationOrigin": [ 8.0, 1.0, 1.0 ],
					"faces": {
						"north": { "texture": "#iron", "uv": [ 4.0, 4.5, 5.0, 5.0 ] },
						"east": { "texture": "#iron", "uv": [ 3.5, 5.5, 4.5, 6.0 ] },
						"south": { "texture": "#iron", "uv": [ 4.5, 6.5, 5.5, 7.0 ] },
						"west": { "texture": "#iron", "uv": [ 2.5, 7.5, 3.5, 8.0 ] },
						"up": { "texture": "#iron", "uv": [ 0.5, 3.5, 1.5, 4.5 ] },
						"down": { "texture": "#iron", "uv": [ 2.0, 2.5, 3.0, 3.5 ] }
					}
				},
				{
					"name": "brain",
					"from": [ 3.0, 0.0, -0.1 ],
					"to": [ 7.0, 6.0, 3.91 ],
					"rotationOrigin": [ 3.0, 0.0, -0.1 ],
					"faces": {
						"north": { "texture": "#iron", "uv": [ 6.0, 5.0, 10.0, 11.0 ], "autoUv": false },
						"east": { "texture": "#tech-powergeneratormain", "uv": [ 3.0, 11.5, 9.0, 15.5 ], "rotation": 270 },
						"south": { "texture": "#tech-powergeneratormain", "uv": [ 3.0, 11.5, 9.0, 15.5 ], "rotation": 270 },
						"west": { "texture": "#tech-powergeneratormain", "uv": [ 3.0, 11.5, 9.0, 15.5 ], "rotation": 270 },
						"up": { "texture": "#tech-powergeneratormain", "uv": [ 1.0, 11.5, 5.0, 15.5 ] },
						"down": { "texture": "#tech-powergeneratormain", "uv": [ 6.0, 7.0, 10.0, 11.0 ] }
					}
				},
				{
					"name": "line1",
					"from": [ 4.8, 5.6, -2.9 ],
					"to": [ 5.2, 6.0, -1.5 ],
					"rotationOrigin": [ 4.8, 5.6, -2.9 ],
					"faces": {
						"north": { "texture": "#bismuthbronze", "uv": [ 0.0, 0.0, 0.5, 0.5 ] },
						"east": { "texture": "#bismuthbronze", "uv": [ 0.0, 0.0, 1.0, 0.5 ] },
						"south": { "texture": "#bismuthbronze", "uv": [ 0.0, 0.0, 0.5, 0.5 ] },
						"west": { "texture": "#bismuthbronze", "uv": [ 0.0, 0.0, 1.0, 0.5 ] },
						"up": { "texture": "#bismuthbronze", "uv": [ 0.0, 0.0, 0.5, 1.0 ] },
						"down": { "texture": "#bismuthbronze", "uv": [ 0.0, 0.0, 0.5, 1.0 ] }
					}
				},
				{
					"name": "line2",
					"from": [ 4.8, 6.5, -2.9 ],
					"to": [ 5.2, 6.9, -1.5 ],
					"rotationOrigin": [ 4.8, 6.5, -2.9 ],
					"faces": {
						"north": { "texture": "#bismuthbronze", "uv": [ 0.0, 0.0, 0.5, 0.5 ] },
						"east": { "texture": "#bismuthbronze", "uv": [ 0.0, 0.0, 1.0, 0.5 ] },
						"south": { "texture": "#bismuthbronze", "uv": [ 0.0, 0.0, 0.5, 0.5 ] },
						"west": { "texture": "#bismuthbronze", "uv": [ 0.0, 0.0, 1.0, 0.5 ] },
						"up": { "texture": "#bismuthbronze", "uv": [ 0.0, 0.0, 0.5, 1.0 ] },
						"down": { "texture": "#bismuthbronze", "uv": [ 0.0, 0.0, 0.5, 1.0 ] }
					}
				},
				{
					"name": "tube2",
					"from": [ 4.5, 4.7, -0.3 ],
					"to": [ 5.5, 9.3, 1.1 ],
					"rotationOrigin": [ 4.5, 4.7, -0.3 ],
					"rotationX": -13.0,
					"faces": {
						"north": { "texture": "#bismuthbronze", "uv": [ 5.5, 4.0, 6.5, 8.5 ] },
						"east": { "texture": "#bismuthbronze", "uv": [ 6.5, 3.5, 7.5, 8.0 ] },
						"south": { "texture": "#bismuthbronze", "uv": [ 5.0, 3.5, 6.0, 8.0 ] },
						"west": { "texture": "#bismuthbronze", "uv": [ 4.5, 3.0, 5.5, 7.5 ] },
						"up": { "texture": "#bismuthbronze", "uv": [ 3.0, 6.0, 4.0, 7.0 ] },
						"down": { "texture": "#bismuthbronze", "uv": [ 7.0, 7.5, 8.0, 8.5 ] }
					}
				}
			]
		}
	]}