{
	"ingredientPattern": "CWC,FSF,_M_",
	"ingredients": {
		"F": { "type": "item", "code": "signals:solenoid"},
		"S": { "type": "block", "code": "electricalprogressivebasics:ecable-128v-silver-single-part", "quantity": 2},
		"M": {"type": "item", "code": "game:plank-*"},
		"W": {"type": "item", "code": "signals:el_wire", "quantity": 3},
		"C": {"type": "item", "code": "electricalprogressivebasics:coil"}
	},

	"width": 3,
	"height": 3,
	"shapeless": false,
	"output": { "type": "block", "code": "signalslinkep:epmeter-off-north-down", "quantity": 1 }
}