{
	"editor": {
		"allAngles": false,
		"entityTextureMode": false
	},
	"textureWidth": 16,
	"textureHeight": 16,
	"textureSizes": {
		"tech-powergeneratormain": [16,16],
		"tech-powergenerator": [16,16]
	},
	"textures": {
		"aged-ceramic2": "block/aged-ceramic2",
		"bismuthbronze": "block/bismuthbronze",
		"iron": "block/iron",
		"terminal": "block/normal3",
		"oak-dark": "block/oak-dark",
		"filament": "block/rustyglow",
		"statictranslocator_glass": "block/statictranslocator_glass",
		"tech-powergenerator": "block/tech-powergenerator"
	},
	"elements": [
		{
			"name": "base",
			"from": [ 2.0, 0.0, 2.0 ],
			"to": [ 14.0, 1.0, 14.0 ],
			"rotationOrigin": [ 14.0, 0.0, 2.0 ],
			"faces": {
				"north": { "texture": "#oak-dark", "uv": [ 0.0, 0.0, 12.0, 1.0 ] },
				"east": { "texture": "#oak-dark", "uv": [ 0.0, 0.0, 12.0, 1.0 ] },
				"south": { "texture": "#oak-dark", "uv": [ 0.0, 0.0, 12.0, 1.0 ] },
				"west": { "texture": "#oak-dark", "uv": [ 0.0, 0.0, 12.0, 1.0 ] },
				"up": { "texture": "#oak-dark", "uv": [ 0.0, 0.0, 12.0, 12.0 ] },
				"down": { "texture": "#oak-dark", "uv": [ 0.0, 0.0, 12.0, 12.0 ] }
			}
		},
		{
			"name": "pad",
			"from": [ 4.0, 1.0, 6.0 ],
			"to": [ 10.0, 6.0, 12.0 ],
			"rotationOrigin": [ 10.0, 1.0, 6.0 ],
			"faces": {
				"north": { "texture": "#iron", "uv": [ 2.5, 3.0, 8.5, 8.0 ] },
				"east": { "texture": "#tech-powergenerator", "uv": [ 7.5, 7.0, 12.5, 13.5 ], "rotation": 90, "autoUv": false },
				"south": { "texture": "#tech-powergenerator", "uv": [ 7.5, 7.5, 12.5, 13.5 ], "rotation": 270 },
				"west": { "texture": "#tech-powergenerator", "uv": [ 1.5, 5.5, 6.5, 11.5 ], "rotation": 270 },
				"up": { "texture": "#iron", "uv": [ 6.5, 2.0, 12.5, 8.0 ] },
				"down": { "texture": "#tech-powergenerator", "uv": [ 7.0, 2.0, 13.0, 8.0 ] }
			}
		},
		{
			"name": "glass",
			"from": [ 4.5, 5.99, 6.5 ],
			"to": [ 9.5, 11.0, 11.5 ],
			"renderPass": 3,
			"rotationOrigin": [ 9.5, 6.0, 6.5 ],
			"faces": {
				"north": { "texture": "#statictranslocator_glass", "uv": [ 0.0, 0.0, 5.0, 5.0 ] },
				"east": { "texture": "#statictranslocator_glass", "uv": [ 0.0, 0.0, 5.0, 5.0 ] },
				"south": { "texture": "#statictranslocator_glass", "uv": [ 0.0, 0.0, 5.0, 5.0 ] },
				"west": { "texture": "#statictranslocator_glass", "uv": [ 0.0, 0.0, 5.0, 5.0 ] },
				"up": { "texture": "#statictranslocator_glass", "uv": [ 0.0, 0.0, 5.0, 5.0 ] },
				"down": { "texture": "#statictranslocator_glass", "uv": [ 0.0, 0.0, 5.0, 5.0 ] }
			}
		},
		{
			"name": "terminal_0",
			"from": [ 12.0, 1.0, 12.0 ],
			"to": [ 14.0, 3.0, 14.0 ],
			"rotationOrigin": [ 21.0, 0.0, 10.0 ],
			"faces": {
				"north": { "texture": "#terminal", "uv": [ 7.0, 14.0, 9.0, 16.0 ] },
				"east": { "texture": "#terminal", "uv": [ 7.0, 14.0, 9.0, 16.0 ] },
				"south": { "texture": "#terminal", "uv": [ 7.0, 14.0, 9.0, 16.0 ] },
				"west": { "texture": "#terminal", "uv": [ 7.0, 14.0, 9.0, 16.0 ] },
				"up": { "texture": "#terminal", "uv": [ 7.0, 7.0, 9.0, 9.0 ] },
				"down": { "texture": "#terminal", "uv": [ 7.0, 7.0, 9.0, 9.0 ] }
			},
			"children": [
				{
					"name": "term2_0",
					"from": [ 0.5, 2.0, 0.5 ],
					"to": [ 1.5, 3.0, 1.5 ],
					"rotationOrigin": [ 2.0, 2.0, 0.0 ],
					"faces": {
						"north": { "texture": "#terminal", "uv": [ 2.0, 1.0, 3.0, 2.0 ] },
						"east": { "texture": "#terminal", "uv": [ 2.0, 1.0, 3.0, 2.0 ] },
						"south": { "texture": "#terminal", "uv": [ 2.0, 1.0, 3.0, 2.0 ] },
						"west": { "texture": "#terminal", "uv": [ 2.0, 1.0, 3.0, 2.0 ] },
						"up": { "texture": "#terminal", "uv": [ 0.5, 0.5, 1.5, 1.5 ] },
						"down": { "texture": "#terminal", "uv": [ 0.5, 0.5, 1.5, 1.5 ] }
					}
				},
				{
					"name": "term3_0",
					"from": [ 0.0, 2.2, 0.0 ],
					"to": [ 2.0, 2.7, 2.0 ],
					"rotationOrigin": [ 1.0, 1.0, 1.0 ],
					"faces": {
						"north": { "texture": "#terminal", "uv": [ 0.0, 0.0, 2.0, 0.5 ] },
						"east": { "texture": "#terminal", "uv": [ 0.0, 0.0, 2.0, 0.5 ] },
						"south": { "texture": "#terminal", "uv": [ 0.0, 0.0, 2.0, 0.5 ] },
						"west": { "texture": "#terminal", "uv": [ 0.0, 0.0, 2.0, 0.5 ] },
						"up": { "texture": "#terminal", "uv": [ 2.0, 2.0, 4.0, 4.0 ] },
						"down": { "texture": "#terminal", "uv": [ 2.0, 2.0, 4.0, 4.0 ] }
					}
				}
			]
		},
		{
			"name": "terminal_1",
			"from": [ 12.0, 1.0, 7.0 ],
			"to": [ 14.0, 3.0, 9.0 ],
			"rotationOrigin": [ 21.0, 0.0, 5.0 ],
			"faces": {
				"north": { "texture": "#terminal", "uv": [ 7.0, 14.0, 9.0, 16.0 ] },
				"east": { "texture": "#terminal", "uv": [ 7.0, 14.0, 9.0, 16.0 ] },
				"south": { "texture": "#terminal", "uv": [ 7.0, 14.0, 9.0, 16.0 ] },
				"west": { "texture": "#terminal", "uv": [ 7.0, 14.0, 9.0, 16.0 ] },
				"up": { "texture": "#terminal", "uv": [ 7.0, 7.0, 9.0, 9.0 ] },
				"down": { "texture": "#terminal", "uv": [ 7.0, 7.0, 9.0, 9.0 ] }
			},
			"children": [
				{
					"name": "term2_1",
					"from": [ 0.5, 2.0, 0.5 ],
					"to": [ 1.5, 3.0, 1.5 ],
					"rotationOrigin": [ 2.0, 2.0, 0.0 ],
					"faces": {
						"north": { "texture": "#terminal", "uv": [ 2.0, 1.0, 3.0, 2.0 ] },
						"east": { "texture": "#terminal", "uv": [ 2.0, 1.0, 3.0, 2.0 ] },
						"south": { "texture": "#terminal", "uv": [ 2.0, 1.0, 3.0, 2.0 ] },
						"west": { "texture": "#terminal", "uv": [ 2.0, 1.0, 3.0, 2.0 ] },
						"up": { "texture": "#terminal", "uv": [ 0.5, 0.5, 1.5, 1.5 ] },
						"down": { "texture": "#terminal", "uv": [ 0.5, 0.5, 1.5, 1.5 ] }
					}
				},
				{
					"name": "term3_1",
					"from": [ 0.0, 2.2, 0.0 ],
					"to": [ 2.0, 2.7, 2.0 ],
					"rotationOrigin": [ 1.0, 1.0, 1.0 ],
					"faces": {
						"north": { "texture": "#terminal", "uv": [ 0.0, 0.0, 2.0, 0.5 ] },
						"east": { "texture": "#terminal", "uv": [ 0.0, 0.0, 2.0, 0.5 ] },
						"south": { "texture": "#terminal", "uv": [ 0.0, 0.0, 2.0, 0.5 ] },
						"west": { "texture": "#terminal", "uv": [ 0.0, 0.0, 2.0, 0.5 ] },
						"up": { "texture": "#terminal", "uv": [ 2.0, 2.0, 4.0, 4.0 ] },
						"down": { "texture": "#terminal", "uv": [ 2.0, 2.0, 4.0, 4.0 ] }
					}
				}
			]
		},
		{
			"name": "guideWire",
			"from": [ 7.5, 1.0, 3.5 ],
			"to": [ 7.5, 1.0, 3.5 ],
			"rotationOrigin": [ 7.5, 1.0, 3.5 ],
			"faces": {
				"north": { "texture": "#statictranslocator_glass", "uv": [ 0.0, 0.0, 0.5, 0.5 ] },
				"east": { "texture": "#statictranslocator_glass", "uv": [ 0.0, 0.0, 0.5, 0.5 ] },
				"south": { "texture": "#statictranslocator_glass", "uv": [ 0.0, 0.0, 0.5, 0.5 ] },
				"west": { "texture": "#statictranslocator_glass", "uv": [ 0.0, 0.0, 0.5, 0.5 ] },
				"up": { "texture": "#statictranslocator_glass", "uv": [ 0.0, 0.0, 0.5, 0.5 ] },
				"down": { "texture": "#statictranslocator_glass", "uv": [ 0.0, 0.0, 0.5, 0.5 ] }
			},
			"children": [
				{
					"name": "pad1",
					"from": [ -1.5, 0.0, -0.5 ],
					"to": [ 0.5, 1.0, 1.5 ],
					"rotationOrigin": [ 0.5, 0.0, -0.5 ],
					"faces": {
						"north": { "texture": "#iron", "uv": [ 0.0, 0.0, 2.0, 1.0 ] },
						"east": { "texture": "#iron", "uv": [ 0.0, 0.0, 2.0, 1.0 ] },
						"south": { "texture": "#iron", "uv": [ 0.0, 0.0, 2.0, 1.0 ] },
						"west": { "texture": "#iron", "uv": [ 0.0, 0.0, 2.0, 1.0 ] },
						"up": { "texture": "#iron", "uv": [ 3.5, 2.5, 5.5, 4.5 ] },
						"down": { "texture": "#iron", "uv": [ 0.0, 0.0, 2.0, 2.0 ] }
					}
				},
				{
					"name": "pad2",
					"from": [ 3.5, 0.0, -0.5 ],
					"to": [ 5.5, 1.0, 1.5 ],
					"rotationOrigin": [ 5.5, 0.0, -0.5 ],
					"faces": {
						"north": { "texture": "#iron", "uv": [ 2.5, 3.5, 4.5, 4.5 ] },
						"east": { "texture": "#iron", "uv": [ 2.5, 3.5, 4.5, 4.5 ] },
						"south": { "texture": "#iron", "uv": [ 4.5, 5.0, 6.5, 6.0 ] },
						"west": { "texture": "#iron", "uv": [ 2.5, 3.5, 4.5, 4.5 ] },
						"up": { "texture": "#iron", "uv": [ 3.0, 2.5, 5.0, 4.5 ] },
						"down": { "texture": "#iron", "uv": [ 2.5, 3.5, 4.5, 5.5 ] }
					}
				},
				{
					"name": "wire",
					"from": [ -1.0, 0.0, 0.0 ],
					"to": [ 0.0, 13.0, 1.0 ],
					"faces": {
						"north": { "texture": "#bismuthbronze", "uv": [ 0.0, 0.0, 1.0, 13.0 ] },
						"east": { "texture": "#bismuthbronze", "uv": [ 0.0, 0.0, 1.0, 13.0 ] },
						"south": { "texture": "#bismuthbronze", "uv": [ 0.0, 0.0, 1.0, 13.0 ] },
						"west": { "texture": "#bismuthbronze", "uv": [ 0.0, 0.0, 1.0, 13.0 ] },
						"up": { "texture": "#bismuthbronze", "uv": [ 0.0, 0.0, 1.0, 1.0 ] },
						"down": { "texture": "#bismuthbronze", "uv": [ 0.0, 0.0, 1.0, 1.0 ] }
					},
					"children": [
						{
							"name": "Cube2",
							"from": [ 1.0, 12.0, 0.0 ],
							"to": [ 5.0, 13.0, 1.0 ],
							"rotationOrigin": [ 5.0, 12.0, 0.0 ],
							"faces": {
								"north": { "texture": "#bismuthbronze", "uv": [ 0.0, 0.0, 1.0, 1.0 ] },
								"east": { "texture": "#bismuthbronze", "uv": [ 0.0, 0.0, 4.0, 1.0 ] },
								"south": { "texture": "#bismuthbronze", "uv": [ 0.0, 0.0, 1.0, 1.0 ] },
								"west": { "texture": "#bismuthbronze", "uv": [ 0.0, 0.0, 4.0, 1.0 ] },
								"up": { "texture": "#bismuthbronze", "uv": [ 0.0, 0.0, 1.0, 4.0 ] },
								"down": { "texture": "#bismuthbronze", "uv": [ 0.0, 0.0, 1.0, 4.0 ] }
							}
						},
						{
							"name": "Cube3",
							"from": [ 5.0, 0.0, 0.0 ],
							"to": [ 6.0, 13.0, 1.0 ],
							"rotationOrigin": [ 6.0, 0.0, 0.0 ],
							"faces": {
								"north": { "texture": "#bismuthbronze", "uv": [ 11.5, 1.0, 12.5, 14.0 ] },
								"east": { "texture": "#bismuthbronze", "uv": [ 6.5, 1.0, 7.5, 14.0 ] },
								"south": { "texture": "#bismuthbronze", "uv": [ 9.0, 2.0, 10.0, 15.0 ] },
								"west": { "texture": "#bismuthbronze", "uv": [ 6.0, 1.0, 7.0, 14.0 ] },
								"up": { "texture": "#bismuthbronze", "uv": [ 0.0, 0.0, 1.0, 1.0 ] },
								"down": { "texture": "#bismuthbronze", "uv": [ 0.0, 0.0, 1.0, 1.0 ] }
							}
						}
					]
				}
			]
		},
		{
			"name": "tuningSlide",
			"from": [ 11.0, 2.5, 3.0 ],
			"to": [ 13.0, 4.5, 5.0 ],
			"shade": false,
			"rotationOrigin": [ 13.0, 2.5, 3.0 ],
			"faces": {
				"north": { "texture": "#filament", "uv": [ 0.0, 0.0, 2.0, 2.0 ] },
				"east": { "texture": "#filament", "uv": [ 0.0, 0.0, 2.0, 2.0 ] },
				"south": { "texture": "#filament", "uv": [ 0.0, 0.0, 2.0, 2.0 ] },
				"west": { "texture": "#filament", "uv": [ 0.0, 0.0, 2.0, 2.0 ] },
				"up": { "texture": "#filament", "uv": [ 0.0, 0.0, 2.0, 2.0 ] },
				"down": { "texture": "#filament", "uv": [ 0.0, 0.0, 2.0, 2.0 ] }
			}
		},
		{
			"name": "wires",
			"from": [ 9.5, 1.0, 7.5 ],
			"to": [ 12.0, 1.5, 8.0 ],
			"rotationOrigin": [ 12.0, 1.0, 7.5 ],
			"faces": {
				"north": { "texture": "#aged-ceramic2", "uv": [ 0.0, 0.0, 0.5, 0.5 ] },
				"east": { "texture": "#aged-ceramic2", "uv": [ 0.0, 0.0, 2.5, 0.5 ] },
				"south": { "texture": "#aged-ceramic2", "uv": [ 0.0, 0.0, 0.5, 0.5 ] },
				"west": { "texture": "#aged-ceramic2", "uv": [ 0.0, 0.0, 2.5, 0.5 ] },
				"up": { "texture": "#aged-ceramic2", "uv": [ 0.0, 0.0, 0.5, 2.5 ] },
				"down": { "texture": "#aged-ceramic2", "uv": [ 0.0, 0.0, 0.5, 2.5 ] }
			},
			"children": [
				{
					"name": "Cube4",
					"from": [ 0.5, 0.0, 2.5 ],
					"to": [ 3.5, 0.5, 3.0 ],
					"rotationOrigin": [ 3.5, 0.0, 2.5 ],
					"faces": {
						"north": { "texture": "#aged-ceramic2", "uv": [ 7.0, 6.0, 10.0, 6.5 ] },
						"east": { "texture": "#aged-ceramic2", "uv": [ 4.0, 5.0, 4.5, 5.5 ] },
						"south": { "texture": "#aged-ceramic2", "uv": [ 7.0, 3.0, 10.0, 3.5 ] },
						"west": { "texture": "#aged-ceramic2", "uv": [ 4.0, 5.0, 4.5, 5.5 ] },
						"up": { "texture": "#aged-ceramic2", "uv": [ 5.5, 3.5, 8.5, 4.0 ] },
						"down": { "texture": "#aged-ceramic2", "uv": [ 0.0, 0.0, 3.0, 0.5 ] }
					}
				},
				{
					"name": "Cube5",
					"from": [ 3.0, 0.0, 3.0 ],
					"to": [ 3.5, 0.5, 4.5 ],
					"rotationOrigin": [ 3.5, 0.0, 3.0 ],
					"faces": {
						"north": { "texture": "#aged-ceramic2", "uv": [ 0.0, 0.0, 0.5, 0.5 ] },
						"east": { "texture": "#aged-ceramic2", "uv": [ 4.0, 5.5, 5.5, 6.0 ] },
						"south": { "texture": "#aged-ceramic2", "uv": [ 4.0, 4.5, 4.5, 5.0 ] },
						"west": { "texture": "#aged-ceramic2", "uv": [ 0.0, 0.0, 1.5, 0.5 ] },
						"up": { "texture": "#aged-ceramic2", "uv": [ 6.5, 3.5, 7.0, 5.0 ] },
						"down": { "texture": "#aged-ceramic2", "uv": [ 8.5, 4.0, 9.0, 5.5 ] }
					}
				},
				{
					"name": "Cube6",
					"from": [ 0.0, 0.0, -3.5 ],
					"to": [ 1.5, 0.5, -3.0 ],
					"rotationOrigin": [ 1.5, 0.0, -3.5 ],
					"faces": {
						"north": { "texture": "#aged-ceramic2", "uv": [ 4.0, 5.5, 5.5, 6.0 ] },
						"east": { "texture": "#aged-ceramic2", "uv": [ 2.5, 5.0, 3.0, 5.5 ] },
						"south": { "texture": "#aged-ceramic2", "uv": [ 9.0, 9.5, 10.5, 10.0 ] },
						"west": { "texture": "#aged-ceramic2", "uv": [ 4.5, 5.0, 5.0, 5.5 ] },
						"up": { "texture": "#aged-ceramic2", "uv": [ 5.5, 4.0, 7.0, 4.5 ] },
						"down": { "texture": "#aged-ceramic2", "uv": [ 8.5, 5.5, 10.0, 6.0 ] }
					}
				},
				{
					"name": "Cube7",
					"from": [ -0.5, 0.0, -3.5 ],
					"to": [ 0.0, 0.5, -1.5 ],
					"rotationOrigin": [ 0.0, 0.0, -3.5 ],
					"faces": {
						"north": { "texture": "#aged-ceramic2", "uv": [ 7.0, 7.5, 7.5, 8.0 ] },
						"east": { "texture": "#aged-ceramic2", "uv": [ 4.5, 7.0, 6.5, 7.5 ] },
						"south": { "texture": "#aged-ceramic2", "uv": [ 4.5, 6.0, 5.0, 6.5 ] },
						"west": { "texture": "#aged-ceramic2", "uv": [ 3.5, 5.5, 5.5, 6.0 ] },
						"up": { "texture": "#aged-ceramic2", "uv": [ 6.0, 5.0, 6.5, 7.0 ] },
						"down": { "texture": "#aged-ceramic2", "uv": [ 0.0, 0.0, 0.5, 2.0 ] }
					}
				},
				{
					"name": "Cube8",
					"from": [ -3.0, 0.0, -2.5 ],
					"to": [ -2.5, 0.5, -1.5 ],
					"rotationOrigin": [ -2.5, 0.0, -2.5 ],
					"faces": {
						"north": { "texture": "#aged-ceramic2", "uv": [ 0.0, 0.0, 1.0, 0.5 ] },
						"east": { "texture": "#aged-ceramic2", "uv": [ 0.0, 0.0, 0.5, 0.5 ] },
						"south": { "texture": "#aged-ceramic2", "uv": [ 0.0, 0.0, 1.0, 0.5 ] },
						"west": { "texture": "#aged-ceramic2", "uv": [ 0.0, 0.0, 0.5, 0.5 ] },
						"up": { "texture": "#aged-ceramic2", "uv": [ 0.0, 0.0, 1.0, 0.5 ] },
						"down": { "texture": "#aged-ceramic2", "uv": [ 0.0, 0.0, 1.0, 0.5 ] }
					}
				}
			]
		},
		{
			"name": "lamp",
			"from": [ 6.5, 6.0, 8.5 ],
			"to": [ 7.5, 10.25, 9.5 ],
			"rotationOrigin": [ 7.5, 6.0, 8.5 ],
			"faces": {
				"north": { "texture": "#bismuthbronze", "uv": [ 0.0, 0.0, 1.0, 4.0 ] },
				"east": { "texture": "#bismuthbronze", "uv": [ 0.0, 0.0, 1.0, 4.0 ] },
				"south": { "texture": "#bismuthbronze", "uv": [ 0.0, 0.0, 1.0, 4.0 ] },
				"west": { "texture": "#bismuthbronze", "uv": [ 0.0, 0.0, 1.0, 4.0 ] },
				"up": { "texture": "#bismuthbronze", "uv": [ 0.0, 0.0, 1.0, 1.0 ] },
				"down": { "texture": "#bismuthbronze", "uv": [ 0.0, 0.0, 1.0, 1.0 ] }
			},
			"children": [
				{
					"name": "Cube9",
					"from": [ -1.0, 1.25, -1.0 ],
					"to": [ 2.0, 1.75, 2.0 ],
					"shade": false,
					"rotationOrigin": [ 2.0, 1.2, -1.0 ],
					"faces": {
						"north": { "texture": "#filament", "uv": [ 0.0, 0.0, 3.0, 0.5 ] },
						"east": { "texture": "#filament", "uv": [ 0.0, 0.0, 3.0, 0.5 ] },
						"south": { "texture": "#filament", "uv": [ 0.0, 0.0, 3.0, 0.5 ] },
						"west": { "texture": "#filament", "uv": [ 0.0, 0.0, 3.0, 0.5 ] },
						"up": { "texture": "#filament", "uv": [ 0.0, 0.0, 3.0, 3.0 ] },
						"down": { "texture": "#filament", "uv": [ 0.0, 0.0, 3.0, 3.0 ] }
					}
				},
				{
					"name": "Cube10",
					"from": [ -1.0, 2.25, -1.0 ],
					"to": [ 2.0, 2.75, 2.0 ],
					"shade": false,
					"rotationOrigin": [ 2.0, 2.2, -1.0 ],
					"faces": {
						"north": { "texture": "#filament", "uv": [ 0.0, 0.0, 3.0, 0.5 ] },
						"east": { "texture": "#filament", "uv": [ 0.0, 0.0, 3.0, 0.5 ] },
						"south": { "texture": "#filament", "uv": [ 0.0, 0.0, 3.0, 0.5 ] },
						"west": { "texture": "#filament", "uv": [ 0.0, 0.0, 3.0, 0.5 ] },
						"up": { "texture": "#filament", "uv": [ 0.0, 0.0, 3.0, 3.0 ] },
						"down": { "texture": "#filament", "uv": [ 0.0, 0.0, 3.0, 3.0 ] }
					}
				},
				{
					"name": "Cube11",
					"from": [ -1.0, 3.25, -1.0 ],
					"to": [ 2.0, 3.75, 2.0 ],
					"shade": false,
					"rotationOrigin": [ 2.0, 3.2, -1.0 ],
					"faces": {
						"north": { "texture": "#filament", "uv": [ 0.0, 0.0, 3.0, 0.5 ] },
						"east": { "texture": "#filament", "uv": [ 0.0, 0.0, 3.0, 0.5 ] },
						"south": { "texture": "#filament", "uv": [ 0.0, 0.0, 3.0, 0.5 ] },
						"west": { "texture": "#filament", "uv": [ 0.0, 0.0, 3.0, 0.5 ] },
						"up": { "texture": "#filament", "uv": [ 0.0, 0.0, 3.0, 3.0 ] },
						"down": { "texture": "#filament", "uv": [ 0.0, 0.0, 3.0, 3.0 ] }
					}
				},
				{
					"name": "pad3",
					"from": [ -0.5, 0.0, -0.5 ],
					"to": [ 1.5, 0.5, 1.5 ],
					"rotationOrigin": [ 1.5, 0.0, -0.5 ],
					"faces": {
						"north": { "texture": "#bismuthbronze", "uv": [ 0.0, 0.0, 2.0, 0.5 ] },
						"east": { "texture": "#bismuthbronze", "uv": [ 0.0, 0.0, 2.0, 0.5 ] },
						"south": { "texture": "#bismuthbronze", "uv": [ 0.0, 0.0, 2.0, 0.5 ] },
						"west": { "texture": "#bismuthbronze", "uv": [ 0.0, 0.0, 2.0, 0.5 ] },
						"up": { "texture": "#bismuthbronze", "uv": [ 0.0, 0.0, 2.0, 2.0 ] },
						"down": { "texture": "#bismuthbronze", "uv": [ 0.0, 0.0, 2.0, 2.0 ] }
					}
				}
			]
		}
	]}