{
	"editor": {
		"collapsedPaths": "",
		"allAngles": false,
		"entityTextureMode": false
	},
	"textureWidth": 16,
	"textureHeight": 16,
	"textureSizes": {
		"copper1": [16,16],
		"oak-dark": [16,16],
		"tech-powergenerator": [16,16],
		"aged-ceramic2": [16,16],
		"oak": [16,16],
		"mat": [16,16]
	},
	"textures": {
		"aged-ceramic2": "block/aged-ceramic2",
		"copper1": "block/copper1",
		"copperarrow": "block/copperarrow",
		"copperarrowborder": "block/copperarrowborder",
		"terminal": "block/normal3",
		"mat": "block/oak1"
	},
	"elements": [
		{
			"name": "chute",
			"from": [ 11.0, 0.0, 12.0 ],
			"to": [ 12.0, 8.0, 28.0 ],
			"rotationOrigin": [ 11.0, 0.0, 12.0 ],
			"rotationX": -90.0,
			"faces": {
				"north": { "texture": "#copper1", "uv": [ 0.0, 0.0, 1.0, 8.0 ] },
				"east": { "texture": "#copperarrow", "uv": [ 0.0, 4.0, 16.0, 12.0 ], "rotation": 180 },
				"south": { "texture": "#copper1", "uv": [ 0.0, 0.0, 1.0, 8.0 ] },
				"west": { "texture": "#copperarrowborder", "uv": [ 0.0, 4.0, 16.0, 12.0 ] },
				"up": { "texture": "#copper1", "uv": [ 0.0, 0.0, 1.0, 16.0 ] },
				"down": { "texture": "#copper1", "uv": [ 0.0, 0.0, 1.0, 16.0 ] }
			},
			"children": [
				{
					"name": "Cube3",
					"from": [ -7.0, 0.0, 0.0 ],
					"to": [ -6.0, 8.0, 16.0 ],
					"rotationOrigin": [ -7.0, 0.0, 0.0 ],
					"faces": {
						"north": { "texture": "#copper1", "uv": [ 0.0, 0.0, 1.0, 8.0 ] },
						"east": { "texture": "#copperarrowborder", "uv": [ 0.0, 4.0, 16.0, 12.0 ], "rotation": 180 },
						"south": { "texture": "#copper1", "uv": [ 0.0, 0.0, 1.0, 8.0 ] },
						"west": { "texture": "#copperarrow", "uv": [ 0.0, 4.5, 16.0, 12.5 ] },
						"up": { "texture": "#copper1", "uv": [ 0.0, 0.0, 1.0, 16.0 ] },
						"down": { "texture": "#copper1", "uv": [ 0.0, 0.0, 1.0, 16.0 ] }
					}
				},
				{
					"name": "Cube4",
					"from": [ -6.0, 0.0, 0.0 ],
					"to": [ 0.0, 1.0, 16.0 ],
					"rotationOrigin": [ -6.0, 0.0, 0.0 ],
					"faces": {
						"north": { "texture": "#copper1", "uv": [ 0.0, 0.0, 6.0, 1.0 ] },
						"east": { "texture": "#copper1", "uv": [ 0.0, 0.0, 16.0, 1.0 ] },
						"south": { "texture": "#copper1", "uv": [ 0.0, 0.0, 6.0, 1.0 ] },
						"west": { "texture": "#copper1", "uv": [ 0.0, 0.0, 16.0, 1.0 ] },
						"up": { "texture": "#copper1", "uv": [ 3.5, 0.0, 9.5, 16.0 ] },
						"down": { "texture": "#copper1", "uv": [ 0.0, 5.0, 16.0, 11.0 ], "rotation": 90 }
					}
				},
				{
					"name": "Cube5",
					"from": [ -6.0, 7.0, 0.0 ],
					"to": [ 0.0, 8.0, 16.0 ],
					"rotationOrigin": [ -6.0, 7.0, 0.0 ],
					"faces": {
						"north": { "texture": "#copper1", "uv": [ 8.0, 6.0, 14.0, 7.0 ] },
						"east": { "texture": "#copper1", "uv": [ 0.0, 12.0, 16.0, 13.0 ] },
						"south": { "texture": "#copper1", "uv": [ 0.0, 3.0, 6.0, 4.0 ] },
						"west": { "texture": "#copper1", "uv": [ 0.0, 6.0, 16.0, 7.0 ] },
						"up": { "texture": "#copper1", "uv": [ 4.0, 0.0, 10.0, 16.0 ] },
						"down": { "texture": "#copper1", "uv": [ 3.5, 0.0, 9.5, 16.0 ] }
					}
				},
				{
					"name": "rantl",
					"from": [ 1.0, -0.5, -0.01 ],
					"to": [ 1.5, 8.5, 1.49 ],
					"rotationOrigin": [ 1.0, -0.5, 0.0 ],
					"faces": {
						"north": { "texture": "#copper1", "uv": [ 0.0, 0.0, 0.5, 9.0 ] },
						"east": { "texture": "#copper1", "uv": [ 0.0, 0.0, 1.5, 9.0 ] },
						"south": { "texture": "#copper1", "uv": [ 0.0, 0.0, 0.5, 9.0 ] },
						"west": { "texture": "#copper1", "uv": [ 0.0, 0.0, 1.5, 9.0 ] },
						"up": { "texture": "#copper1", "uv": [ 0.0, 0.0, 0.5, 1.5 ] },
						"down": { "texture": "#copper1", "uv": [ 0.0, 0.0, 0.5, 1.5 ] }
					},
					"children": [
						{
							"name": "rantl2",
							"from": [ -8.5, 0.0, 0.0 ],
							"to": [ -8.0, 9.0, 1.5 ],
							"rotationOrigin": [ -8.5, 0.0, 0.0 ],
							"faces": {
								"north": { "texture": "#copper1", "uv": [ 0.0, 0.0, 0.5, 9.0 ] },
								"east": { "texture": "#copper1", "uv": [ 0.0, 0.0, 1.5, 9.0 ] },
								"south": { "texture": "#copper1", "uv": [ 0.0, 0.0, 0.5, 9.0 ] },
								"west": { "texture": "#copper1", "uv": [ 0.0, 0.0, 1.5, 9.0 ] },
								"up": { "texture": "#copper1", "uv": [ 0.0, 0.0, 0.5, 1.5 ] },
								"down": { "texture": "#copper1", "uv": [ 0.0, 0.0, 0.5, 1.5 ] }
							}
						},
						{
							"name": "Cube2",
							"from": [ -8.0, 0.0, 0.0 ],
							"to": [ 0.0, 0.5, 1.5 ],
							"rotationOrigin": [ -8.0, 0.0, 0.0 ],
							"faces": {
								"north": { "texture": "#copper1", "uv": [ 0.0, 0.0, 8.0, 0.5 ] },
								"east": { "texture": "#copper1", "uv": [ 0.0, 0.0, 1.5, 0.5 ] },
								"south": { "texture": "#copper1", "uv": [ 0.0, 0.0, 8.0, 0.5 ] },
								"west": { "texture": "#copper1", "uv": [ 0.0, 0.0, 1.5, 0.5 ] },
								"up": { "texture": "#copper1", "uv": [ 0.0, 0.0, 8.0, 1.5 ] },
								"down": { "texture": "#copper1", "uv": [ 0.0, 0.0, 8.0, 1.5 ] }
							}
						},
						{
							"name": "Cube6",
							"from": [ -8.0, 8.5, 0.0 ],
							"to": [ 0.0, 9.0, 1.5 ],
							"rotationOrigin": [ -8.0, 8.5, 0.0 ],
							"faces": {
								"north": { "texture": "#copper1", "uv": [ 0.0, 0.0, 8.0, 0.5 ] },
								"east": { "texture": "#copper1", "uv": [ 0.0, 0.0, 1.5, 0.5 ] },
								"south": { "texture": "#copper1", "uv": [ 0.0, 0.0, 8.0, 0.5 ] },
								"west": { "texture": "#copper1", "uv": [ 0.0, 0.0, 1.5, 0.5 ] },
								"up": { "texture": "#copper1", "uv": [ 0.0, 0.0, 8.0, 1.5 ] },
								"down": { "texture": "#copper1", "uv": [ 0.0, 0.0, 8.0, 1.5 ] }
							}
						}
					]
				},
				{
					"name": "zakl",
					"from": [ -6.0, 1.0, 6.0 ],
					"to": [ 0.0, 7.0, 7.0 ],
					"rotationOrigin": [ -3.0, 4.0, 6.5 ],
					"rotationX": 40.0,
					"faces": {
						"north": { "texture": "#copper1", "uv": [ 0.0, 0.0, 6.0, 6.0 ] },
						"east": { "texture": "#copper1", "uv": [ 0.0, 0.0, 1.0, 6.0 ] },
						"south": { "texture": "#copper1", "uv": [ 0.0, 0.0, 6.0, 6.0 ] },
						"west": { "texture": "#copper1", "uv": [ 0.0, 0.0, 1.0, 6.0 ] },
						"up": { "texture": "#copper1", "uv": [ 0.0, 0.0, 6.0, 1.0 ] },
						"down": { "texture": "#copper1", "uv": [ 0.0, 0.0, 6.0, 1.0 ] }
					}
				}
			]
		},
		{
			"name": "inp",
			"from": [ 1.0, 12.5, 4.5 ],
			"to": [ 3.0, 14.5, 6.5 ],
			"rotationOrigin": [ 2.0, 11.5, 8.4 ],
			"faces": {
				"north": { "texture": "#terminal", "uv": [ 7.0, 14.0, 9.0, 16.0 ] },
				"east": { "texture": "#terminal", "uv": [ 7.0, 14.0, 9.0, 16.0 ] },
				"south": { "texture": "#terminal", "uv": [ 7.0, 14.0, 9.0, 16.0 ] },
				"west": { "texture": "#terminal", "uv": [ 7.0, 14.0, 9.0, 16.0 ] },
				"up": { "texture": "#terminal", "uv": [ 7.0, 7.0, 9.0, 9.0 ] },
				"down": { "texture": "#terminal", "uv": [ 7.0, 7.0, 9.0, 9.0 ] }
			},
			"children": [
				{
					"name": "term2_3",
					"from": [ 0.5, 2.0, 0.5 ],
					"to": [ 1.5, 3.0, 1.5 ],
					"rotationOrigin": [ 0.0, 2.0, 0.0 ],
					"faces": {
						"north": { "texture": "#terminal", "uv": [ 2.0, 1.0, 3.0, 2.0 ] },
						"east": { "texture": "#terminal", "uv": [ 2.0, 1.0, 3.0, 2.0 ] },
						"south": { "texture": "#terminal", "uv": [ 2.0, 1.0, 3.0, 2.0 ] },
						"west": { "texture": "#terminal", "uv": [ 2.0, 1.0, 3.0, 2.0 ] },
						"up": { "texture": "#terminal", "uv": [ 8.0, 2.0, 9.0, 3.0 ] },
						"down": { "texture": "#terminal", "uv": [ 0.5, 0.5, 1.5, 1.5 ] }
					}
				},
				{
					"name": "term3_3",
					"from": [ 0.0, 2.2, 0.0 ],
					"to": [ 2.0, 2.7, 2.0 ],
					"rotationOrigin": [ 1.0, 1.0, 1.0 ],
					"faces": {
						"north": { "texture": "#terminal", "uv": [ 0.0, 0.0, 2.0, 0.5 ] },
						"east": { "texture": "#terminal", "uv": [ 0.0, 0.0, 2.0, 0.5 ] },
						"south": { "texture": "#terminal", "uv": [ 0.0, 0.0, 2.0, 0.5 ] },
						"west": { "texture": "#terminal", "uv": [ 0.0, 0.0, 2.0, 0.5 ] },
						"up": { "texture": "#terminal", "uv": [ 2.0, 2.0, 4.0, 4.0 ] },
						"down": { "texture": "#terminal", "uv": [ 2.0, 2.0, 4.0, 4.0 ] }
					}
				}
			]
		},
		{
			"name": "inp2",
			"from": [ 1.0, 12.5, 7.0 ],
			"to": [ 3.0, 14.5, 9.0 ],
			"rotationOrigin": [ 2.0, 12.5, 4.0 ],
			"faces": {
				"north": { "texture": "#terminal", "uv": [ 7.0, 14.0, 9.0, 16.0 ] },
				"east": { "texture": "#terminal", "uv": [ 7.0, 14.0, 9.0, 16.0 ] },
				"south": { "texture": "#terminal", "uv": [ 7.0, 14.0, 9.0, 16.0 ] },
				"west": { "texture": "#terminal", "uv": [ 7.0, 14.0, 9.0, 16.0 ] },
				"up": { "texture": "#terminal", "uv": [ 7.0, 7.0, 9.0, 9.0 ] },
				"down": { "texture": "#terminal", "uv": [ 7.0, 7.0, 9.0, 9.0 ] }
			},
			"children": [
				{
					"name": "term2_4",
					"from": [ 0.5, 2.0, 0.5 ],
					"to": [ 1.5, 3.0, 1.5 ],
					"rotationOrigin": [ 0.0, 2.0, 0.0 ],
					"faces": {
						"north": { "texture": "#terminal", "uv": [ 2.0, 1.0, 3.0, 2.0 ] },
						"east": { "texture": "#terminal", "uv": [ 2.0, 1.0, 3.0, 2.0 ] },
						"south": { "texture": "#terminal", "uv": [ 2.0, 1.0, 3.0, 2.0 ] },
						"west": { "texture": "#terminal", "uv": [ 2.0, 1.0, 3.0, 2.0 ] },
						"up": { "texture": "#terminal", "uv": [ 8.0, 2.0, 9.0, 3.0 ] },
						"down": { "texture": "#terminal", "uv": [ 0.5, 0.5, 1.5, 1.5 ] }
					}
				},
				{
					"name": "term3_4",
					"from": [ 0.0, 2.2, 0.0 ],
					"to": [ 2.0, 2.7, 2.0 ],
					"rotationOrigin": [ 1.0, 1.0, 1.0 ],
					"faces": {
						"north": { "texture": "#terminal", "uv": [ 0.0, 0.0, 2.0, 0.5 ] },
						"east": { "texture": "#terminal", "uv": [ 0.0, 0.0, 2.0, 0.5 ] },
						"south": { "texture": "#terminal", "uv": [ 0.0, 0.0, 2.0, 0.5 ] },
						"west": { "texture": "#terminal", "uv": [ 0.0, 0.0, 2.0, 0.5 ] },
						"up": { "texture": "#terminal", "uv": [ 2.0, 2.0, 4.0, 4.0 ] },
						"down": { "texture": "#terminal", "uv": [ 2.0, 2.0, 4.0, 4.0 ] }
					}
				}
			]
		},
		{
			"name": "inp3",
			"from": [ 1.0, 12.5, 9.5 ],
			"to": [ 3.0, 14.5, 11.5 ],
			"rotationOrigin": [ 0.0, 16.5, 5.4 ],
			"faces": {
				"north": { "texture": "#terminal", "uv": [ 7.0, 14.0, 9.0, 16.0 ] },
				"east": { "texture": "#terminal", "uv": [ 7.0, 14.0, 9.0, 16.0 ] },
				"south": { "texture": "#terminal", "uv": [ 7.0, 14.0, 9.0, 16.0 ] },
				"west": { "texture": "#terminal", "uv": [ 7.0, 14.0, 9.0, 16.0 ] },
				"up": { "texture": "#terminal", "uv": [ 7.0, 7.0, 9.0, 9.0 ] },
				"down": { "texture": "#terminal", "uv": [ 7.0, 7.0, 9.0, 9.0 ] }
			},
			"children": [
				{
					"name": "term2_5",
					"from": [ 0.5, 2.0, 0.5 ],
					"to": [ 1.5, 3.0, 1.5 ],
					"rotationOrigin": [ 0.0, 2.0, 0.0 ],
					"faces": {
						"north": { "texture": "#terminal", "uv": [ 2.0, 1.0, 3.0, 2.0 ] },
						"east": { "texture": "#terminal", "uv": [ 2.0, 1.0, 3.0, 2.0 ] },
						"south": { "texture": "#terminal", "uv": [ 2.0, 1.0, 3.0, 2.0 ] },
						"west": { "texture": "#terminal", "uv": [ 2.0, 1.0, 3.0, 2.0 ] },
						"up": { "texture": "#terminal", "uv": [ 8.0, 2.0, 9.0, 3.0 ] },
						"down": { "texture": "#terminal", "uv": [ 0.5, 0.5, 1.5, 1.5 ] }
					}
				},
				{
					"name": "term3_5",
					"from": [ 0.0, 2.2, 0.0 ],
					"to": [ 2.0, 2.7, 2.0 ],
					"rotationOrigin": [ 1.0, 1.0, 1.0 ],
					"faces": {
						"north": { "texture": "#terminal", "uv": [ 0.0, 0.0, 2.0, 0.5 ] },
						"east": { "texture": "#terminal", "uv": [ 0.0, 0.0, 2.0, 0.5 ] },
						"south": { "texture": "#terminal", "uv": [ 0.0, 0.0, 2.0, 0.5 ] },
						"west": { "texture": "#terminal", "uv": [ 0.0, 0.0, 2.0, 0.5 ] },
						"up": { "texture": "#terminal", "uv": [ 2.0, 2.0, 4.0, 4.0 ] },
						"down": { "texture": "#terminal", "uv": [ 2.0, 2.0, 4.0, 4.0 ] }
					}
				}
			]
		},
		{
			"name": "wall",
			"from": [ 0.0, 0.0, 4.0 ],
			"to": [ 4.0, 12.0, 12.0 ],
			"rotationOrigin": [ 0.0, 0.0, 4.0 ],
			"faces": {
				"north": { "texture": "#mat", "uv": [ 0.0, 0.0, 12.0, 4.0 ], "rotation": 90 },
				"east": { "texture": "#mat", "uv": [ 0.0, 0.5, 12.0, 8.5 ], "rotation": 90 },
				"south": { "texture": "#mat", "uv": [ 0.0, 0.0, 12.0, 4.0 ], "rotation": 90 },
				"west": { "texture": "#mat", "uv": [ 0.0, 4.5, 12.0, 12.5 ], "rotation": 90 },
				"up": { "texture": "#mat", "uv": [ 0.0, 0.0, 8.0, 4.0 ], "rotation": 90 },
				"down": { "texture": "#mat", "uv": [ 4.0, 0.0, 12.0, 4.0 ], "rotation": 90, "autoUv": false }
			},
			"children": [
				{
					"name": "wall1",
					"from": [ 0.0, 0.0, -4.0 ],
					"to": [ 16.0, 16.0, 0.0 ],
					"rotationOrigin": [ 0.0, 0.0, -4.0 ],
					"faces": {
						"north": { "texture": "#mat", "uv": [ 0.0, 0.0, 16.0, 16.0 ], "rotation": 90 },
						"east": { "texture": "#mat", "uv": [ 0.0, 0.0, 16.0, 4.0 ], "rotation": 90 },
						"south": { "texture": "#mat", "uv": [ 0.0, 0.0, 16.0, 16.0 ], "rotation": 90 },
						"west": { "texture": "#mat", "uv": [ 0.0, 12.0, 16.0, 16.0 ], "rotation": 90 },
						"up": { "texture": "#mat", "uv": [ 12.0, 0.0, 16.0, 16.0 ], "rotation": 270 },
						"down": { "texture": "#mat", "uv": [ 0.0, 0.0, 4.0, 16.0 ], "rotation": 90 }
					}
				},
				{
					"name": "wall2",
					"from": [ 0.0, 0.0, 8.0 ],
					"to": [ 16.0, 16.0, 12.0 ],
					"rotationOrigin": [ 0.0, 0.0, 8.0 ],
					"faces": {
						"north": { "texture": "#mat", "uv": [ 0.0, 0.0, 16.0, 16.0 ], "rotation": 90 },
						"east": { "texture": "#mat", "uv": [ 0.0, 12.0, 16.0, 16.0 ], "rotation": 90 },
						"south": { "texture": "#mat", "uv": [ 0.0, 0.0, 16.0, 16.0 ], "rotation": 90 },
						"west": { "texture": "#mat", "uv": [ 0.0, 0.0, 16.0, 4.0 ], "rotation": 90 },
						"up": { "texture": "#mat", "uv": [ 0.0, 0.0, 4.0, 16.0 ], "rotation": 270 },
						"down": { "texture": "#mat", "uv": [ 0.0, 0.0, 4.0, 16.0 ], "rotation": 90 }
					}
				},
				{
					"name": "wall3",
					"from": [ 12.0, 0.0, 0.0 ],
					"to": [ 16.0, 16.0, 8.0 ],
					"rotationOrigin": [ 12.0, 0.0, 0.0 ],
					"faces": {
						"north": { "texture": "#mat", "uv": [ 0.0, 0.0, 16.0, 4.0 ], "rotation": 90 },
						"east": { "texture": "#mat", "uv": [ 0.0, 4.0, 16.0, 12.0 ], "rotation": 90 },
						"south": { "texture": "#mat", "uv": [ 0.0, 0.0, 16.0, 4.0 ], "rotation": 90 },
						"west": { "texture": "#mat", "uv": [ 0.0, 4.5, 16.0, 12.5 ], "rotation": 90 },
						"up": { "texture": "#mat", "uv": [ 4.0, 12.0, 12.0, 16.0 ], "rotation": 270 },
						"down": { "texture": "#mat", "uv": [ 4.0, 0.0, 12.0, 4.0 ], "rotation": 270 }
					}
				}
			]
		},
		{
			"name": "board",
			"from": [ 0.0, 12.0, 4.0 ],
			"to": [ 4.0, 12.5, 12.0 ],
			"rotationOrigin": [ 0.0, 12.0, 4.0 ],
			"faces": {
				"north": { "texture": "#aged-ceramic2", "uv": [ 0.0, 0.0, 4.0, 0.5 ] },
				"east": { "texture": "#aged-ceramic2", "uv": [ 0.0, 0.0, 8.0, 0.5 ] },
				"south": { "texture": "#aged-ceramic2", "uv": [ 0.0, 0.0, 4.0, 0.5 ] },
				"west": { "texture": "#aged-ceramic2", "uv": [ 0.0, 0.0, 8.0, 0.5 ] },
				"up": { "texture": "#aged-ceramic2", "uv": [ 0.0, 0.0, 4.0, 8.0 ] },
				"down": { "texture": "#aged-ceramic2", "uv": [ 0.0, 0.0, 4.0, 8.0 ] }
			}
		}
	]}