{
	"editor": {
		"collapsedPaths": ",Root/inp",
		"allAngles": false,
		"entityTextureMode": false
	},
	"textureWidth": 16,
	"textureHeight": 16,
	"textureSizes": {
		"copper1": [16,16],
		"oak-dark": [16,16],
		"tech-powergenerator": [16,16]
	},
	"textures": {
		"aged-ceramic2": "block/aged-ceramic2",
		"copper1": "block/copper1",
		"copperarrow": "block/copperarrow",
		"terminal": "block/normal3",
		"oak-dark": "block/oak-dark",
		"tech-powergenerator": "block/tech-powergenerator"
	},
	"elements": [
		{
			"name": "chute",
			"from": [ 11.0, 0.0, 12.0 ],
			"to": [ 12.0, 8.0, 28.0 ],
			"rotationOrigin": [ 11.0, 0.0, 12.0 ],
			"rotationX": -90.0,
			"faces": {
				"north": { "texture": "#copper1", "uv": [ 0.0, 0.0, 1.0, 8.0 ] },
				"east": { "texture": "#copperarrow", "uv": [ 0.0, 4.0, 16.0, 12.0 ], "rotation": 180 },
				"south": { "texture": "#copper1", "uv": [ 0.0, 0.0, 1.0, 8.0 ] },
				"west": { "texture": "#copper1", "uv": [ 0.0, 0.0, 16.0, 8.0 ] },
				"up": { "texture": "#copper1", "uv": [ 0.0, 0.0, 1.0, 16.0 ] },
				"down": { "texture": "#copper1", "uv": [ 0.0, 0.0, 1.0, 16.0 ] }
			},
			"children": [
				{
					"name": "Cube3",
					"from": [ -7.0, 0.0, 0.0 ],
					"to": [ -6.0, 8.0, 16.0 ],
					"rotationOrigin": [ -7.0, 0.0, 0.0 ],
					"faces": {
						"north": { "texture": "#copper1", "uv": [ 0.0, 0.0, 1.0, 8.0 ] },
						"east": { "texture": "#copper1", "uv": [ 0.0, 0.0, 16.0, 8.0 ] },
						"south": { "texture": "#copper1", "uv": [ 0.0, 0.0, 1.0, 8.0 ] },
						"west": { "texture": "#copperarrow", "uv": [ 0.0, 4.5, 16.0, 12.5 ] },
						"up": { "texture": "#copper1", "uv": [ 0.0, 0.0, 1.0, 16.0 ] },
						"down": { "texture": "#copper1", "uv": [ 0.0, 0.0, 1.0, 16.0 ] }
					}
				},
				{
					"name": "Cube4",
					"from": [ -6.0, 0.0, 0.0 ],
					"to": [ 0.0, 1.0, 16.0 ],
					"rotationOrigin": [ -6.0, 0.0, 0.0 ],
					"faces": {
						"north": { "texture": "#copper1", "uv": [ 0.0, 0.0, 6.0, 1.0 ] },
						"east": { "texture": "#copper1", "uv": [ 0.0, 0.0, 16.0, 1.0 ] },
						"south": { "texture": "#copper1", "uv": [ 0.0, 0.0, 6.0, 1.0 ] },
						"west": { "texture": "#copper1", "uv": [ 0.0, 0.0, 16.0, 1.0 ] },
						"up": { "texture": "#copper1", "uv": [ 3.5, 0.0, 9.5, 16.0 ] },
						"down": { "texture": "#copper1", "uv": [ 0.0, 5.0, 16.0, 11.0 ], "rotation": 90 }
					}
				},
				{
					"name": "Cube5",
					"from": [ -6.0, 7.0, 0.0 ],
					"to": [ 0.0, 8.0, 16.0 ],
					"rotationOrigin": [ -6.0, 7.0, 0.0 ],
					"faces": {
						"north": { "texture": "#copper1", "uv": [ 8.0, 6.0, 14.0, 7.0 ] },
						"east": { "texture": "#copper1", "uv": [ 0.0, 12.0, 16.0, 13.0 ] },
						"south": { "texture": "#copper1", "uv": [ 0.0, 3.0, 6.0, 4.0 ] },
						"west": { "texture": "#copper1", "uv": [ 0.0, 6.0, 16.0, 7.0 ] },
						"up": { "texture": "#copper1", "uv": [ 4.0, 0.0, 10.0, 16.0 ] },
						"down": { "texture": "#copper1", "uv": [ 3.5, 0.0, 9.5, 16.0 ] }
					}
				},
				{
					"name": "rantl",
					"from": [ 1.0, -0.5, 0.0 ],
					"to": [ 1.5, 8.5, 1.5 ],
					"rotationOrigin": [ 1.0, -0.5, 0.0 ],
					"faces": {
						"north": { "texture": "#copper1", "uv": [ 0.0, 0.0, 0.5, 9.0 ] },
						"east": { "texture": "#copper1", "uv": [ 0.0, 0.0, 1.5, 9.0 ] },
						"south": { "texture": "#copper1", "uv": [ 0.0, 0.0, 0.5, 9.0 ] },
						"west": { "texture": "#copper1", "uv": [ 0.0, 0.0, 1.5, 9.0 ] },
						"up": { "texture": "#copper1", "uv": [ 0.0, 0.0, 0.5, 1.5 ] },
						"down": { "texture": "#copper1", "uv": [ 0.0, 0.0, 0.5, 1.5 ] }
					},
					"children": [
						{
							"name": "rantl2",
							"from": [ -8.5, 0.0, 0.0 ],
							"to": [ -8.0, 9.0, 1.5 ],
							"rotationOrigin": [ -8.5, 0.0, 0.0 ],
							"faces": {
								"north": { "texture": "#copper1", "uv": [ 0.0, 0.0, 0.5, 9.0 ] },
								"east": { "texture": "#copper1", "uv": [ 0.0, 0.0, 1.5, 9.0 ] },
								"south": { "texture": "#copper1", "uv": [ 0.0, 0.0, 0.5, 9.0 ] },
								"west": { "texture": "#copper1", "uv": [ 0.0, 0.0, 1.5, 9.0 ] },
								"up": { "texture": "#copper1", "uv": [ 0.0, 0.0, 0.5, 1.5 ] },
								"down": { "texture": "#copper1", "uv": [ 0.0, 0.0, 0.5, 1.5 ] }
							}
						},
						{
							"name": "Cube2",
							"from": [ -8.0, 0.0, 0.0 ],
							"to": [ 0.0, 0.5, 1.5 ],
							"rotationOrigin": [ -8.0, 0.0, 0.0 ],
							"faces": {
								"north": { "texture": "#copper1", "uv": [ 0.0, 0.0, 8.0, 0.5 ] },
								"east": { "texture": "#copper1", "uv": [ 0.0, 0.0, 1.5, 0.5 ] },
								"south": { "texture": "#copper1", "uv": [ 0.0, 0.0, 8.0, 0.5 ] },
								"west": { "texture": "#copper1", "uv": [ 0.0, 0.0, 1.5, 0.5 ] },
								"up": { "texture": "#copper1", "uv": [ 0.0, 0.0, 8.0, 1.5 ] },
								"down": { "texture": "#copper1", "uv": [ 0.0, 0.0, 8.0, 1.5 ] }
							}
						},
						{
							"name": "Cube6",
							"from": [ -8.0, 8.5, 0.0 ],
							"to": [ 0.0, 9.0, 1.5 ],
							"rotationOrigin": [ -8.0, 8.5, 0.0 ],
							"faces": {
								"north": { "texture": "#copper1", "uv": [ 0.0, 0.0, 8.0, 0.5 ] },
								"east": { "texture": "#copper1", "uv": [ 0.0, 0.0, 1.5, 0.5 ] },
								"south": { "texture": "#copper1", "uv": [ 0.0, 0.0, 8.0, 0.5 ] },
								"west": { "texture": "#copper1", "uv": [ 0.0, 0.0, 1.5, 0.5 ] },
								"up": { "texture": "#copper1", "uv": [ 0.0, 0.0, 8.0, 1.5 ] },
								"down": { "texture": "#copper1", "uv": [ 0.0, 0.0, 8.0, 1.5 ] }
							}
						}
					]
				}
			]
		},
		{
			"name": "board",
			"from": [ 5.0, 2.9, 4.0 ],
			"to": [ 11.0, 3.4, 16.0 ],
			"rotationOrigin": [ 5.0, 2.9, 4.0 ],
			"rotationX": -90.0,
			"faces": {
				"north": { "texture": "#oak-dark", "uv": [ 0.0, 0.0, 6.0, 0.5 ] },
				"east": { "texture": "#oak-dark", "uv": [ 0.0, 0.0, 12.0, 0.5 ] },
				"south": { "texture": "#oak-dark", "uv": [ 0.0, 0.0, 6.0, 0.5 ] },
				"west": { "texture": "#oak-dark", "uv": [ 0.0, 0.0, 12.0, 0.5 ] },
				"up": { "texture": "#oak-dark", "uv": [ 2.0, 3.0, 8.0, 15.0 ] },
				"down": { "texture": "#oak-dark", "uv": [ 0.0, 0.0, 6.0, 12.0 ] }
			}
		},
		{
			"name": "inp",
			"from": [ 7.0, 6.5, 11.6 ],
			"to": [ 9.0, 8.5, 13.6 ],
			"rotationOrigin": [ 5.0, 5.5, 4.5 ],
			"rotationX": -90.0,
			"faces": {
				"north": { "texture": "#terminal", "uv": [ 7.0, 14.0, 9.0, 16.0 ] },
				"east": { "texture": "#terminal", "uv": [ 7.0, 14.0, 9.0, 16.0 ] },
				"south": { "texture": "#terminal", "uv": [ 7.0, 14.0, 9.0, 16.0 ] },
				"west": { "texture": "#terminal", "uv": [ 7.0, 14.0, 9.0, 16.0 ] },
				"up": { "texture": "#terminal", "uv": [ 7.0, 7.0, 9.0, 9.0 ] },
				"down": { "texture": "#terminal", "uv": [ 7.0, 7.0, 9.0, 9.0 ] }
			},
			"children": [
				{
					"name": "term2_3",
					"from": [ 0.5, 2.0, 0.5 ],
					"to": [ 1.5, 3.0, 1.5 ],
					"rotationOrigin": [ 0.0, 2.0, 0.0 ],
					"faces": {
						"north": { "texture": "#terminal", "uv": [ 2.0, 1.0, 3.0, 2.0 ] },
						"east": { "texture": "#terminal", "uv": [ 2.0, 1.0, 3.0, 2.0 ] },
						"south": { "texture": "#terminal", "uv": [ 2.0, 1.0, 3.0, 2.0 ] },
						"west": { "texture": "#terminal", "uv": [ 2.0, 1.0, 3.0, 2.0 ] },
						"up": { "texture": "#terminal", "uv": [ 8.0, 2.0, 9.0, 3.0 ] },
						"down": { "texture": "#terminal", "uv": [ 0.5, 0.5, 1.5, 1.5 ] }
					}
				},
				{
					"name": "term3_3",
					"from": [ 0.0, 2.2, 0.0 ],
					"to": [ 2.0, 2.7, 2.0 ],
					"rotationOrigin": [ 1.0, 1.0, 1.0 ],
					"faces": {
						"north": { "texture": "#terminal", "uv": [ 0.0, 0.0, 2.0, 0.5 ] },
						"east": { "texture": "#terminal", "uv": [ 0.0, 0.0, 2.0, 0.5 ] },
						"south": { "texture": "#terminal", "uv": [ 0.0, 0.0, 2.0, 0.5 ] },
						"west": { "texture": "#terminal", "uv": [ 0.0, 0.0, 2.0, 0.5 ] },
						"up": { "texture": "#terminal", "uv": [ 2.0, 2.0, 4.0, 4.0 ] },
						"down": { "texture": "#terminal", "uv": [ 2.0, 2.0, 4.0, 4.0 ] }
					}
				}
			]
		},
		{
			"name": "inp2",
			"from": [ 7.0, -3.0, 11.6 ],
			"to": [ 9.0, -1.0, 13.6 ],
			"rotationOrigin": [ 5.0, -4.0, 4.5 ],
			"rotationX": -90.0,
			"faces": {
				"north": { "texture": "#terminal", "uv": [ 7.0, 14.0, 9.0, 16.0 ] },
				"east": { "texture": "#terminal", "uv": [ 7.0, 14.0, 9.0, 16.0 ] },
				"south": { "texture": "#terminal", "uv": [ 7.0, 14.0, 9.0, 16.0 ] },
				"west": { "texture": "#terminal", "uv": [ 7.0, 14.0, 9.0, 16.0 ] },
				"up": { "texture": "#terminal", "uv": [ 7.0, 7.0, 9.0, 9.0 ] },
				"down": { "texture": "#terminal", "uv": [ 7.0, 7.0, 9.0, 9.0 ] }
			},
			"children": [
				{
					"name": "term2_4",
					"from": [ 0.5, 2.0, 0.5 ],
					"to": [ 1.5, 3.0, 1.5 ],
					"rotationOrigin": [ 0.0, 2.0, 0.0 ],
					"faces": {
						"north": { "texture": "#terminal", "uv": [ 2.0, 1.0, 3.0, 2.0 ] },
						"east": { "texture": "#terminal", "uv": [ 2.0, 1.0, 3.0, 2.0 ] },
						"south": { "texture": "#terminal", "uv": [ 2.0, 1.0, 3.0, 2.0 ] },
						"west": { "texture": "#terminal", "uv": [ 2.0, 1.0, 3.0, 2.0 ] },
						"up": { "texture": "#terminal", "uv": [ 8.0, 2.0, 9.0, 3.0 ] },
						"down": { "texture": "#terminal", "uv": [ 0.5, 0.5, 1.5, 1.5 ] }
					}
				},
				{
					"name": "term3_4",
					"from": [ 0.0, 2.2, 0.0 ],
					"to": [ 2.0, 2.7, 2.0 ],
					"rotationOrigin": [ 1.0, 1.0, 1.0 ],
					"faces": {
						"north": { "texture": "#terminal", "uv": [ 0.0, 0.0, 2.0, 0.5 ] },
						"east": { "texture": "#terminal", "uv": [ 0.0, 0.0, 2.0, 0.5 ] },
						"south": { "texture": "#terminal", "uv": [ 0.0, 0.0, 2.0, 0.5 ] },
						"west": { "texture": "#terminal", "uv": [ 0.0, 0.0, 2.0, 0.5 ] },
						"up": { "texture": "#terminal", "uv": [ 2.0, 2.0, 4.0, 4.0 ] },
						"down": { "texture": "#terminal", "uv": [ 2.0, 2.0, 4.0, 4.0 ] }
					}
				}
			]
		},
		{
			"name": "inp3",
			"from": [ 9.0, 2.0, 11.6 ],
			"to": [ 11.0, 4.0, 13.6 ],
			"rotationOrigin": [ 7.0, 1.0, 4.5 ],
			"rotationX": -90.0,
			"faces": {
				"north": { "texture": "#terminal", "uv": [ 7.0, 14.0, 9.0, 16.0 ] },
				"east": { "texture": "#terminal", "uv": [ 7.0, 14.0, 9.0, 16.0 ] },
				"south": { "texture": "#terminal", "uv": [ 7.0, 14.0, 9.0, 16.0 ] },
				"west": { "texture": "#terminal", "uv": [ 7.0, 14.0, 9.0, 16.0 ] },
				"up": { "texture": "#terminal", "uv": [ 7.0, 7.0, 9.0, 9.0 ] },
				"down": { "texture": "#terminal", "uv": [ 7.0, 7.0, 9.0, 9.0 ] }
			},
			"children": [
				{
					"name": "term2_5",
					"from": [ 0.5, 2.0, 0.5 ],
					"to": [ 1.5, 3.0, 1.5 ],
					"rotationOrigin": [ 0.0, 2.0, 0.0 ],
					"faces": {
						"north": { "texture": "#terminal", "uv": [ 2.0, 1.0, 3.0, 2.0 ] },
						"east": { "texture": "#terminal", "uv": [ 2.0, 1.0, 3.0, 2.0 ] },
						"south": { "texture": "#terminal", "uv": [ 2.0, 1.0, 3.0, 2.0 ] },
						"west": { "texture": "#terminal", "uv": [ 2.0, 1.0, 3.0, 2.0 ] },
						"up": { "texture": "#terminal", "uv": [ 8.0, 2.0, 9.0, 3.0 ] },
						"down": { "texture": "#terminal", "uv": [ 0.5, 0.5, 1.5, 1.5 ] }
					}
				},
				{
					"name": "term3_5",
					"from": [ 0.0, 2.2, 0.0 ],
					"to": [ 2.0, 2.7, 2.0 ],
					"rotationOrigin": [ 1.0, 1.0, 1.0 ],
					"faces": {
						"north": { "texture": "#terminal", "uv": [ 0.0, 0.0, 2.0, 0.5 ] },
						"east": { "texture": "#terminal", "uv": [ 0.0, 0.0, 2.0, 0.5 ] },
						"south": { "texture": "#terminal", "uv": [ 0.0, 0.0, 2.0, 0.5 ] },
						"west": { "texture": "#terminal", "uv": [ 0.0, 0.0, 2.0, 0.5 ] },
						"up": { "texture": "#terminal", "uv": [ 2.0, 2.0, 4.0, 4.0 ] },
						"down": { "texture": "#terminal", "uv": [ 2.0, 2.0, 4.0, 4.0 ] }
					}
				}
			]
		},
		{
			"name": "box",
			"from": [ 5.5, 6.5, 3.5 ],
			"to": [ 8.5, 8.5, 8.5 ],
			"rotationOrigin": [ 5.5, 6.5, 3.5 ],
			"rotationX": -90.0,
			"faces": {
				"north": { "texture": "#tech-powergenerator", "uv": [ 0.0, 0.5, 3.0, 2.5 ] },
				"east": { "texture": "#aged-ceramic2", "uv": [ 4.5, 7.5, 9.5, 9.5 ] },
				"south": { "texture": "#tech-powergenerator", "uv": [ 0.5, 0.5, 3.5, 2.5 ] },
				"west": { "texture": "#aged-ceramic2", "uv": [ 1.5, 6.5, 6.5, 8.5 ] },
				"up": { "texture": "#tech-powergenerator", "uv": [ 11.0, 8.5, 14.0, 13.5 ] },
				"down": { "texture": "#tech-powergenerator", "uv": [ 0.0, 0.0, 3.0, 5.0 ] }
			}
		},
		{
			"name": "wire",
			"from": [ 7.3, 4.5, 3.5 ],
			"to": [ 7.8, 5.0, 12.5 ],
			"rotationOrigin": [ 7.3, 4.5, 3.5 ],
			"rotationX": -90.0,
			"faces": {
				"north": { "texture": "#aged-ceramic2", "uv": [ 0.0, 0.0, 0.5, 0.5 ] },
				"east": { "texture": "#aged-ceramic2", "uv": [ 0.0, 0.0, 9.0, 0.5 ] },
				"south": { "texture": "#aged-ceramic2", "uv": [ 0.0, 0.0, 0.5, 0.5 ] },
				"west": { "texture": "#aged-ceramic2", "uv": [ 0.0, 0.0, 9.0, 0.5 ] },
				"up": { "texture": "#aged-ceramic2", "uv": [ 0.0, 0.0, 0.5, 9.0 ] },
				"down": { "texture": "#aged-ceramic2", "uv": [ 0.0, 0.0, 0.5, 9.0 ] }
			},
			"children": [
				{
					"name": "wire1",
					"from": [ 0.0, 0.0, 4.2 ],
					"to": [ 2.5, 0.5, 4.7 ],
					"rotationOrigin": [ 0.0, 0.0, 4.2 ],
					"faces": {
						"north": { "texture": "#aged-ceramic2", "uv": [ 0.0, 0.0, 2.5, 0.5 ] },
						"east": { "texture": "#aged-ceramic2", "uv": [ 0.0, 0.0, 0.5, 0.5 ] },
						"south": { "texture": "#aged-ceramic2", "uv": [ 0.0, 0.0, 2.5, 0.5 ] },
						"west": { "texture": "#aged-ceramic2", "uv": [ 0.0, 0.0, 0.5, 0.5 ] },
						"up": { "texture": "#aged-ceramic2", "uv": [ 0.0, 0.0, 2.5, 0.5 ] },
						"down": { "texture": "#aged-ceramic2", "uv": [ 0.0, 0.0, 2.5, 0.5 ] }
					}
				}
			]
		},
		{
			"name": "Cube7",
			"from": [ 7.0, 7.5, 12.5 ],
			"to": [ 9.0, 8.0, 14.5 ],
			"rotationOrigin": [ 7.0, 7.5, 12.5 ],
			"rotationX": -90.0,
			"faces": {
				"north": { "texture": "#aged-ceramic2", "uv": [ 0.0, 0.0, 2.0, 0.5 ] },
				"east": { "texture": "#aged-ceramic2", "uv": [ 0.0, 0.0, 2.0, 0.5 ] },
				"south": { "texture": "#aged-ceramic2", "uv": [ 0.0, 0.0, 2.0, 0.5 ] },
				"west": { "texture": "#aged-ceramic2", "uv": [ 0.0, 0.0, 2.0, 0.5 ] },
				"up": { "texture": "#aged-ceramic2", "uv": [ 0.0, 0.0, 2.0, 2.0 ] },
				"down": { "texture": "#aged-ceramic2", "uv": [ 0.0, 0.0, 2.0, 2.0 ] }
			},
			"children": [
				{
					"name": "Cube8",
					"from": [ 0.5, -0.5, 0.5 ],
					"to": [ 1.5, 0.0, 1.5 ],
					"rotationOrigin": [ 0.5, -0.5, 0.5 ],
					"faces": {
						"north": { "texture": "#aged-ceramic2", "uv": [ 0.0, 0.0, 1.0, 0.5 ] },
						"east": { "texture": "#aged-ceramic2", "uv": [ 0.0, 0.0, 1.0, 0.5 ] },
						"south": { "texture": "#aged-ceramic2", "uv": [ 0.0, 0.0, 1.0, 0.5 ] },
						"west": { "texture": "#aged-ceramic2", "uv": [ 0.0, 0.0, 1.0, 0.5 ] },
						"up": { "texture": "#aged-ceramic2", "uv": [ 0.0, 0.0, 1.0, 1.0 ] },
						"down": { "texture": "#aged-ceramic2", "uv": [ 0.0, 0.0, 1.0, 1.0 ] }
					}
				},
				{
					"name": "plate",
					"from": [ -2.0, 1.5, 0.0 ],
					"to": [ 4.0, 7.5, 1.0 ],
					"rotationOrigin": [ 1.0, 4.7, 0.5 ],
					"rotationY": 45.0,
					"faces": {
						"north": { "texture": "#copper1", "uv": [ 0.0, 0.0, 6.0, 6.0 ] },
						"east": { "texture": "#copper1", "uv": [ 0.0, 0.0, 1.0, 6.0 ] },
						"south": { "texture": "#copper1", "uv": [ 0.0, 0.0, 6.0, 6.0 ] },
						"west": { "texture": "#copper1", "uv": [ 0.0, 0.0, 1.0, 6.0 ] },
						"up": { "texture": "#copper1", "uv": [ 0.0, 0.0, 6.0, 1.0 ] },
						"down": { "texture": "#copper1", "uv": [ 0.0, 0.0, 6.0, 1.0 ] }
					}
				}
			]
		},
		{
			"name": "rivet",
			"from": [ 5.5, 13.5, 3.5 ],
			"to": [ 6.5, 14.0, 4.5 ],
			"rotationOrigin": [ 5.5, 13.5, 3.5 ],
			"rotationX": -90.0,
			"faces": {
				"north": { "texture": "#copper1", "uv": [ 0.0, 0.0, 1.0, 0.5 ] },
				"east": { "texture": "#copper1", "uv": [ 0.0, 0.0, 1.0, 0.5 ] },
				"south": { "texture": "#copper1", "uv": [ 0.0, 0.0, 1.0, 0.5 ] },
				"west": { "texture": "#copper1", "uv": [ 0.0, 0.0, 1.0, 0.5 ] },
				"up": { "texture": "#copper1", "uv": [ 0.0, 0.0, 1.0, 1.0 ] },
				"down": { "texture": "#copper1", "uv": [ 0.0, 0.0, 1.0, 1.0 ] }
			},
			"children": [
				{
					"name": "Cube9",
					"from": [ 4.0, 0.0, 0.0 ],
					"to": [ 5.0, 0.5, 1.0 ],
					"rotationOrigin": [ 4.0, 0.0, 0.0 ],
					"faces": {
						"north": { "texture": "#copper1", "uv": [ 0.0, 0.0, 1.0, 0.5 ] },
						"east": { "texture": "#copper1", "uv": [ 0.0, 0.0, 1.0, 0.5 ] },
						"south": { "texture": "#copper1", "uv": [ 0.0, 0.0, 1.0, 0.5 ] },
						"west": { "texture": "#copper1", "uv": [ 0.0, 0.0, 1.0, 0.5 ] },
						"up": { "texture": "#copper1", "uv": [ 0.0, 0.0, 1.0, 1.0 ] },
						"down": { "texture": "#copper1", "uv": [ 0.0, 0.0, 1.0, 1.0 ] }
					}
				},
				{
					"name": "Cube10",
					"from": [ 4.0, 0.0, -10.0 ],
					"to": [ 5.0, 0.5, -9.0 ],
					"rotationOrigin": [ 4.0, 0.0, -10.0 ],
					"faces": {
						"north": { "texture": "#copper1", "uv": [ 0.0, 0.0, 1.0, 0.5 ] },
						"east": { "texture": "#copper1", "uv": [ 0.0, 0.0, 1.0, 0.5 ] },
						"south": { "texture": "#copper1", "uv": [ 0.0, 0.0, 1.0, 0.5 ] },
						"west": { "texture": "#copper1", "uv": [ 0.0, 0.0, 1.0, 0.5 ] },
						"up": { "texture": "#copper1", "uv": [ 0.0, 0.0, 1.0, 1.0 ] },
						"down": { "texture": "#copper1", "uv": [ 0.0, 0.0, 1.0, 1.0 ] }
					}
				},
				{
					"name": "Cube11",
					"from": [ 0.0, 0.0, -10.0 ],
					"to": [ 1.0, 0.5, -9.0 ],
					"rotationOrigin": [ 0.0, 0.0, -10.0 ],
					"faces": {
						"north": { "texture": "#copper1", "uv": [ 0.0, 0.0, 1.0, 0.5 ] },
						"east": { "texture": "#copper1", "uv": [ 0.0, 0.0, 1.0, 0.5 ] },
						"south": { "texture": "#copper1", "uv": [ 0.0, 0.0, 1.0, 0.5 ] },
						"west": { "texture": "#copper1", "uv": [ 0.0, 0.0, 1.0, 0.5 ] },
						"up": { "texture": "#copper1", "uv": [ 0.0, 0.0, 1.0, 1.0 ] },
						"down": { "texture": "#copper1", "uv": [ 0.0, 0.0, 1.0, 1.0 ] }
					}
				}
			]
		}
	]}