{
	"code": "managedchute",
	"class": "ManagedChute",
	"entityclass": "BlockEntityManagedChute",
	"behaviors": [
		{ "name": "Lockable" },
		{ "name": "BlockBehaviorCoverWithDirection" },
		{ "name": "BlockBehaviorPaperConditions" }
	],
	"entityBehaviors": [
    {
      "name": "BEBehaviorSignalConnector",
      "properties": {
        "signalNodes": [
          {
            "index": 0,
            "isSource": false
          },
          {
            "index": 1,
            "isSource": false
          },
          {
            "index": 2,
            "isSource": false
          }
        ]
      }
    }
  ],
	"attributes": {
    "handbook": {
		  "extraSections": [
			  { "title": "signalslink:block-handbooktitle-signalslink", "text": "signalslink:block-handbooktext-managedchute" }
		  ]
    },
		"signalNodes": [
      {
        "index": 0,
        "name": "con-input",
        "x1": 0.5625,
        "y1": 0.50625,
        "z1": 0.03125,
        "x2": 0.6875,
        "y2": 0.63125,
        "z2": 0.21875,
        "rotateXbytype": {
          "*-*-north": 90,
          "*-*-south": 270,
          "@*-up-(east|west)": 90,
          "@*-down-(east|west)": 270,
          "@*-south-(east|west)": 180
        },
        "rotateYbytype": {
          "@*-east-(up|down|north|south)": 270,
          "@*-south-(up|down)": 180,
          "@*-west-(up|down|north|south)": 90,
          "@*-(down-north|up-south)": 180
        },
        "rotateZbyType": {
          "*-*-up": 180,
          "*-*-east": 90,
          "*-*-west": 270
        }
      },
			{
        "index": 1,
        "name": "con-target",
        "x1": 0.4375,
        "y1": 0.7875,
        "z1": 0.03125,
        "x2": 0.5625,
        "y2": 0.9125,
        "z2": 0.21875,
        "rotateXbytype": {
          "*-*-north": 90,
          "*-*-south": 270,
          "@*-up-(east|west)": 90,
          "@*-down-(east|west)": 270,
          "@*-south-(east|west)": 180
        },
        "rotateYbytype": {
          "@*-east-(up|down|north|south)": 270,
          "@*-south-(up|down)": 180,
          "@*-west-(up|down|north|south)": 90,
          "@*-(down-north|up-south)": 180
        },
        "rotateZbyType": {
          "*-*-up": 180,
          "*-*-east": 90,
          "*-*-west": 270
        }
      },
			{
        "index": 2,
        "name": "con-source",
        "x1": 0.4375,
        "y1": 0.19375,
        "z1": 0.03125,
        "x2": 0.5625,
        "y2": 0.31875,
        "z2": 0.21875,
        "rotateXbytype": {
          "*-*-north": 90,
          "*-*-south": 270,
          "@*-up-(east|west)": 90,
          "@*-down-(east|west)": 270,
          "@*-south-(east|west)": 180
        },
        "rotateYbytype": {
          "@*-east-(up|down|north|south)": 270,
          "@*-south-(up|down)": 180,
          "@*-west-(up|down|north|south)": 90,
          "@*-(down-north|up-south)": 180
        },
        "rotateZbyType": {
          "*-*-up": 180,
          "*-*-east": 90,
          "*-*-west": 270
        }
      }
		]
	},
	"variantgroups": [
		{
      "code": "orientation",
      "states": [
        "north",
        "east",
        "south",
        "west",
        "up",
        "down"
      ]
    },
    {
      "code": "side",
      "states": [
        "north",
        "east",
        "south",
        "west",
        "up",
        "down"
      ]
    }
	],
  "creativeinventory": {
    "general": [
      "*-north-down"
    ],
    "signalslink": [
      "*-north-down"
    ]
  },
  "drops": [
    {
      "type": "block",
      "code": "managedchute-north-down"
    }
  ],
  "shape": {
    "base": "block/managedchute",
    "rotateXbytype": {
      "*-*-north": 90,
      "*-*-south": 270,
      "@*-up-(east|west)": 90,
      "@*-down-(east|west)": 270,
      "@*-south-(east|west)": 180
    },
    "rotateYbytype": {
      "@*-east-(up|down|north|south)": 270,
      "@*-south-(up|down)": 180,
      "@*-west-(up|down|north|south)": 90,
      "@*-(down-north|up-south)": 180
    },
    "rotateZbyType": {
      "*-*-up": 180,
      "*-*-east": 90,
      "*-*-west": 270
    }

  },
	"blockmaterial": "Metal",
	"lightAbsorption": 0,
	"drawtype": "json",
	"replaceable": 160,
	"resistance": 1.75,
	"sidesolid": {
		"all": true
	},
	"sideopaque": {
		"all": false
	},
	"sounds": {
		"place": "game:block/chute",
		"break": "game:block/chute",
		"hit": "game:block/chute",
		"walk": "game:walk/stone"
	},
  "selectionbox": {
    "x1": 0.25,
    "y1": 0.0,
    "z1": 0.25,
    "x2": 0.75,
    "y2": 1.0,
    "z2": 0.75,
    "rotateXbytype": {
      "*-*-north": 90,
      "*-*-south": 270,
      "@*-up-(east|west)": 90,
      "@*-down-(east|west)": 270,
      "@*-south-(east|west)": 180
    },
    "rotateYbytype": {
      "@*-east-(up|down|north|south)": 270,
      "@*-south-(up|down)": 180,
      "@*-west-(up|down|north|south)": 90,
      "@*-(down-north|up-south)": 180
    },
    "rotateZbyType": {
      "*-*-up": 180,
      "*-*-east": 90,
      "*-*-west": 270
    }
  },
  "collisionbox": {
    "x1": 0.25,
    "y1": 0.0,
    "z1": 0.25,
    "x2": 0.75,
    "y2": 1.0,
    "z2": 0.75,
    "rotateXbytype": {
      "*-*-north": 90,
      "*-*-south": 270,
      "@*-up-(east|west)": 90,
      "@*-down-(east|west)": 270,
      "@*-south-(east|west)": 180
    },
    "rotateYbytype": {
      "@*-east-(up|down|north|south)": 270,
      "@*-south-(up|down)": 180,
      "@*-west-(up|down|north|south)": 90,
      "@*-(down-north|up-south)": 180
    },
    "rotateZbyType": {
      "*-*-up": 180,
      "*-*-east": 90,
      "*-*-west": 270
    }
  }
}